データ,ε,α,γ,学習回数,ステップ数
ε:0.80 α:0.80 γ:0.90 学習回数:1 ステップ数:22,0.8,0.8,0.9,1,22
ε:0.90 α:0.30 γ:0.90 学習回数:1 ステップ数:22,0.9,0.3,0.9,1,22
ε:0.90 α:0.50 γ:0.60 学習回数:1 ステップ数:22,0.9,0.5,0.6,1,22
ε:0.80 α:0.80 γ:0.70 学習回数:2 ステップ数:22,0.8,0.8,0.7,2,22
ε:0.90 α:0.90 γ:0.90 学習回数:2 ステップ数:22,0.9,0.9,0.9,2,22
ε:0.70 α:0.60 γ:0.70 学習回数:2 ステップ数:22,0.7,0.6,0.7,2,22
ε:0.80 α:0.80 γ:0.80 学習回数:2 ステップ数:22,0.8,0.8,0.8,2,22
ε:0.60 α:0.20 γ:0.80 学習回数:2 ステップ数:22,0.6,0.2,0.8,2,22
ε:0.50 α:0.60 γ:0.90 学習回数:2 ステップ数:22,0.5,0.6,0.9,2,22
ε:0.50 α:0.60 γ:0.60 学習回数:2 ステップ数:22,0.5,0.6,0.6,2,22
ε:0.80 α:0.90 γ:0.50 学習回数:3 ステップ数:22,0.8,0.9,0.5,3,22
ε:0.30 α:0.40 γ:0.50 学習回数:3 ステップ数:22,0.3,0.4,0.5,3,22
ε:0.60 α:0.70 γ:0.40 学習回数:3 ステップ数:22,0.6,0.7,0.4,3,22
ε:0.70 α:0.90 γ:0.80 学習回数:3 ステップ数:22,0.7,0.9,0.8,3,22
ε:0.60 α:0.80 γ:0.50 学習回数:3 ステップ数:22,0.6,0.8,0.5,3,22
ε:0.50 α:0.80 γ:0.70 学習回数:3 ステップ数:22,0.5,0.8,0.7,3,22
ε:0.70 α:0.90 γ:0.70 学習回数:3 ステップ数:22,0.7,0.9,0.7,3,22
ε:0.70 α:0.50 γ:0.40 学習回数:3 ステップ数:22,0.7,0.5,0.4,3,22
ε:0.70 α:0.80 γ:0.60 学習回数:3 ステップ数:22,0.7,0.8,0.6,3,22
ε:0.40 α:0.40 γ:0.60 学習回数:3 ステップ数:22,0.4,0.4,0.6,3,22
ε:0.90 α:0.20 γ:0.90 学習回数:4 ステップ数:22,0.9,0.2,0.9,4,22
ε:0.80 α:0.90 γ:0.90 学習回数:4 ステップ数:22,0.8,0.9,0.9,4,22
ε:0.80 α:0.10 γ:0.90 学習回数:4 ステップ数:22,0.8,0.1,0.9,4,22
ε:0.70 α:0.30 γ:0.90 学習回数:4 ステップ数:22,0.7,0.3,0.9,4,22
ε:0.80 α:0.80 γ:0.70 学習回数:4 ステップ数:22,0.8,0.8,0.7,4,22
ε:0.80 α:0.80 γ:0.80 学習回数:4 ステップ数:22,0.8,0.8,0.8,4,22
ε:0.50 α:0.60 γ:0.50 学習回数:4 ステップ数:22,0.5,0.6,0.5,4,22
ε:0.70 α:0.70 γ:0.90 学習回数:4 ステップ数:22,0.7,0.7,0.9,4,22
ε:0.80 α:0.50 γ:0.80 学習回数:4 ステップ数:22,0.8,0.5,0.8,4,22
ε:0.60 α:0.50 γ:0.90 学習回数:4 ステップ数:22,0.6,0.5,0.9,4,22
ε:0.90 α:0.80 γ:0.90 学習回数:4 ステップ数:22,0.9,0.8,0.9,4,22
ε:0.40 α:0.70 γ:0.80 学習回数:4 ステップ数:22,0.4,0.7,0.8,4,22
ε:0.50 α:0.70 γ:0.80 学習回数:4 ステップ数:22,0.5,0.7,0.8,4,22
ε:0.90 α:0.90 γ:0.60 学習回数:4 ステップ数:22,0.9,0.9,0.6,4,22
ε:0.70 α:0.80 γ:0.50 学習回数:4 ステップ数:22,0.7,0.8,0.5,4,22
ε:0.50 α:0.40 γ:0.50 学習回数:4 ステップ数:22,0.5,0.4,0.5,4,22
ε:0.70 α:0.70 γ:0.90 学習回数:4 ステップ数:22,0.7,0.7,0.9,4,22
ε:0.70 α:0.90 γ:0.30 学習回数:4 ステップ数:22,0.7,0.9,0.3,4,22
ε:0.70 α:0.80 γ:0.90 学習回数:4 ステップ数:22,0.7,0.8,0.9,4,22
ε:0.90 α:0.10 γ:0.90 学習回数:4 ステップ数:22,0.9,0.1,0.9,4,22
ε:0.90 α:0.60 γ:0.80 学習回数:4 ステップ数:22,0.9,0.6,0.8,4,22
ε:0.80 α:0.90 γ:0.60 学習回数:4 ステップ数:22,0.8,0.9,0.6,4,22
ε:0.50 α:0.20 γ:0.90 学習回数:4 ステップ数:22,0.5,0.2,0.9,4,22
ε:0.90 α:0.80 γ:0.70 学習回数:4 ステップ数:22,0.9,0.8,0.7,4,22
ε:0.80 α:0.90 γ:0.70 学習回数:4 ステップ数:22,0.8,0.9,0.7,4,22
ε:0.50 α:0.90 γ:0.60 学習回数:5 ステップ数:22,0.5,0.9,0.6,5,22
ε:0.60 α:0.80 γ:0.80 学習回数:5 ステップ数:22,0.6,0.8,0.8,5,22
ε:0.70 α:0.90 γ:0.20 学習回数:5 ステップ数:22,0.7,0.9,0.2,5,22
ε:0.80 α:0.90 γ:0.10 学習回数:5 ステップ数:22,0.8,0.9,0.1,5,22
ε:0.80 α:0.90 γ:0.80 学習回数:5 ステップ数:22,0.8,0.9,0.8,5,22
ε:0.90 α:0.90 γ:0.20 学習回数:5 ステップ数:22,0.9,0.9,0.2,5,22
ε:0.90 α:0.10 γ:0.80 学習回数:5 ステップ数:22,0.9,0.1,0.8,5,22
ε:0.70 α:0.80 γ:0.60 学習回数:5 ステップ数:22,0.7,0.8,0.6,5,22
ε:0.70 α:0.80 γ:0.40 学習回数:5 ステップ数:22,0.7,0.8,0.4,5,22
ε:0.90 α:0.30 γ:0.80 学習回数:5 ステップ数:22,0.9,0.3,0.8,5,22
ε:0.70 α:0.90 γ:0.50 学習回数:5 ステップ数:22,0.7,0.9,0.5,5,22
ε:0.70 α:0.60 γ:0.10 学習回数:5 ステップ数:22,0.7,0.6,0.1,5,22
ε:0.70 α:0.60 γ:0.90 学習回数:5 ステップ数:22,0.7,0.6,0.9,5,22
ε:0.80 α:0.90 γ:0.80 学習回数:5 ステップ数:22,0.8,0.9,0.8,5,22
ε:0.80 α:0.30 γ:0.50 学習回数:5 ステップ数:22,0.8,0.3,0.5,5,22
ε:0.70 α:0.80 γ:0.90 学習回数:5 ステップ数:22,0.7,0.8,0.9,5,22
ε:0.80 α:0.60 γ:0.50 学習回数:5 ステップ数:22,0.8,0.6,0.5,5,22
ε:0.60 α:0.60 γ:0.90 学習回数:5 ステップ数:22,0.6,0.6,0.9,5,22
ε:0.60 α:0.80 γ:0.60 学習回数:5 ステップ数:22,0.6,0.8,0.6,5,22
ε:0.60 α:0.60 γ:0.40 学習回数:5 ステップ数:22,0.6,0.6,0.4,5,22
ε:0.40 α:0.90 γ:0.30 学習回数:5 ステップ数:22,0.4,0.9,0.3,5,22
ε:0.70 α:0.30 γ:0.80 学習回数:5 ステップ数:22,0.7,0.3,0.8,5,22
ε:0.50 α:0.40 γ:0.80 学習回数:5 ステップ数:22,0.5,0.4,0.8,5,22
ε:0.40 α:0.40 γ:0.60 学習回数:5 ステップ数:22,0.4,0.4,0.6,5,22
ε:0.30 α:0.50 γ:0.70 学習回数:5 ステップ数:22,0.3,0.5,0.7,5,22
ε:0.60 α:0.80 γ:0.60 学習回数:5 ステップ数:22,0.6,0.8,0.6,5,22
ε:0.70 α:0.20 γ:0.70 学習回数:5 ステップ数:22,0.7,0.2,0.7,5,22
ε:0.90 α:0.60 γ:0.60 学習回数:5 ステップ数:22,0.9,0.6,0.6,5,22
ε:0.90 α:0.70 γ:0.60 学習回数:5 ステップ数:22,0.9,0.7,0.6,5,22
ε:0.40 α:0.80 γ:0.80 学習回数:5 ステップ数:22,0.4,0.8,0.8,5,22
ε:0.40 α:0.80 γ:0.50 学習回数:5 ステップ数:22,0.4,0.8,0.5,5,22
ε:0.40 α:0.90 γ:0.40 学習回数:5 ステップ数:22,0.4,0.9,0.4,5,22
ε:0.90 α:0.80 γ:0.60 学習回数:5 ステップ数:22,0.9,0.8,0.6,5,22
ε:0.90 α:0.90 γ:0.80 学習回数:6 ステップ数:22,0.9,0.9,0.8,6,22
ε:0.60 α:0.90 γ:0.40 学習回数:6 ステップ数:22,0.6,0.9,0.4,6,22
ε:0.60 α:0.90 γ:0.70 学習回数:6 ステップ数:22,0.6,0.9,0.7,6,22
ε:0.60 α:0.90 γ:0.30 学習回数:6 ステップ数:22,0.6,0.9,0.3,6,22
ε:0.90 α:0.60 γ:0.70 学習回数:6 ステップ数:22,0.9,0.6,0.7,6,22
ε:0.60 α:0.70 γ:0.90 学習回数:6 ステップ数:22,0.6,0.7,0.9,6,22
ε:0.90 α:0.70 γ:0.10 学習回数:6 ステップ数:22,0.9,0.7,0.1,6,22
ε:0.60 α:0.80 γ:0.90 学習回数:6 ステップ数:22,0.6,0.8,0.9,6,22
ε:0.40 α:0.80 γ:0.90 学習回数:6 ステップ数:22,0.4,0.8,0.9,6,22
ε:0.50 α:0.70 γ:0.30 学習回数:6 ステップ数:22,0.5,0.7,0.3,6,22
ε:0.70 α:0.50 γ:0.90 学習回数:6 ステップ数:22,0.7,0.5,0.9,6,22
ε:0.70 α:0.40 γ:0.80 学習回数:6 ステップ数:22,0.7,0.4,0.8,6,22
ε:0.60 α:0.80 γ:0.80 学習回数:6 ステップ数:22,0.6,0.8,0.8,6,22
ε:0.90 α:0.70 γ:0.40 学習回数:6 ステップ数:22,0.9,0.7,0.4,6,22
ε:0.90 α:0.70 γ:0.60 学習回数:6 ステップ数:22,0.9,0.7,0.6,6,22
ε:0.20 α:0.90 γ:0.20 学習回数:6 ステップ数:22,0.2,0.9,0.2,6,22
ε:0.30 α:0.30 γ:0.60 学習回数:6 ステップ数:22,0.3,0.3,0.6,6,22
ε:0.90 α:0.50 γ:0.80 学習回数:6 ステップ数:22,0.9,0.5,0.8,6,22
ε:0.70 α:0.70 γ:0.30 学習回数:6 ステップ数:22,0.7,0.7,0.3,6,22
ε:0.70 α:0.90 γ:0.40 学習回数:6 ステップ数:22,0.7,0.9,0.4,6,22
ε:0.30 α:0.70 γ:0.90 学習回数:6 ステップ数:22,0.3,0.7,0.9,6,22
ε:0.80 α:0.40 γ:0.70 学習回数:6 ステップ数:22,0.8,0.4,0.7,6,22
ε:0.80 α:0.80 γ:0.30 学習回数:6 ステップ数:22,0.8,0.8,0.3,6,22
ε:0.70 α:0.60 γ:0.50 学習回数:6 ステップ数:22,0.7,0.6,0.5,6,22
ε:0.90 α:0.70 γ:0.80 学習回数:6 ステップ数:22,0.9,0.7,0.8,6,22
ε:0.90 α:0.80 γ:0.10 学習回数:6 ステップ数:22,0.9,0.8,0.1,6,22
ε:0.90 α:0.60 γ:0.30 学習回数:6 ステップ数:22,0.9,0.6,0.3,6,22
ε:0.80 α:0.30 γ:0.90 学習回数:6 ステップ数:22,0.8,0.3,0.9,6,22
ε:0.80 α:0.20 γ:0.30 学習回数:6 ステップ数:22,0.8,0.2,0.3,6,22
ε:0.70 α:0.90 γ:0.80 学習回数:6 ステップ数:22,0.7,0.9,0.8,6,22
ε:0.80 α:0.60 γ:0.60 学習回数:6 ステップ数:22,0.8,0.6,0.6,6,22
ε:0.80 α:0.60 γ:0.50 学習回数:6 ステップ数:22,0.8,0.6,0.5,6,22
ε:0.70 α:0.80 γ:0.80 学習回数:6 ステップ数:22,0.7,0.8,0.8,6,22
ε:0.60 α:0.70 γ:0.30 学習回数:6 ステップ数:22,0.6,0.7,0.3,6,22
ε:0.90 α:0.90 γ:0.90 学習回数:6 ステップ数:22,0.9,0.9,0.9,6,22
ε:0.60 α:0.70 γ:0.10 学習回数:6 ステップ数:22,0.6,0.7,0.1,6,22
ε:0.60 α:0.90 γ:0.80 学習回数:6 ステップ数:22,0.6,0.9,0.8,6,22
ε:0.60 α:0.90 γ:0.50 学習回数:6 ステップ数:22,0.6,0.9,0.5,6,22
ε:0.80 α:0.80 γ:0.20 学習回数:6 ステップ数:22,0.8,0.8,0.2,6,22
ε:0.60 α:0.90 γ:0.90 学習回数:6 ステップ数:22,0.6,0.9,0.9,6,22
ε:0.30 α:0.80 γ:0.70 学習回数:6 ステップ数:22,0.3,0.8,0.7,6,22
ε:0.70 α:0.80 γ:0.30 学習回数:6 ステップ数:22,0.7,0.8,0.3,6,22
ε:0.70 α:0.50 γ:0.30 学習回数:7 ステップ数:22,0.7,0.5,0.3,7,22
ε:0.70 α:0.30 γ:0.70 学習回数:7 ステップ数:22,0.7,0.3,0.7,7,22
ε:0.80 α:0.40 γ:0.40 学習回数:7 ステップ数:22,0.8,0.4,0.4,7,22
ε:0.30 α:0.60 γ:0.30 学習回数:7 ステップ数:22,0.3,0.6,0.3,7,22
ε:0.80 α:0.70 γ:0.60 学習回数:7 ステップ数:22,0.8,0.7,0.6,7,22
ε:0.80 α:0.30 γ:0.50 学習回数:7 ステップ数:22,0.8,0.3,0.5,7,22
ε:0.70 α:0.90 γ:0.50 学習回数:7 ステップ数:22,0.7,0.9,0.5,7,22
ε:0.90 α:0.80 γ:0.60 学習回数:7 ステップ数:22,0.9,0.8,0.6,7,22
ε:0.50 α:0.50 γ:0.80 学習回数:7 ステップ数:22,0.5,0.5,0.8,7,22
ε:0.50 α:0.50 γ:0.70 学習回数:7 ステップ数:22,0.5,0.5,0.7,7,22
ε:0.50 α:0.60 γ:0.50 学習回数:7 ステップ数:22,0.5,0.6,0.5,7,22
ε:0.90 α:0.90 γ:0.30 学習回数:7 ステップ数:22,0.9,0.9,0.3,7,22
ε:0.90 α:0.80 γ:0.80 学習回数:7 ステップ数:22,0.9,0.8,0.8,7,22
ε:0.70 α:0.90 γ:0.20 学習回数:7 ステップ数:22,0.7,0.9,0.2,7,22
ε:0.80 α:0.40 γ:0.70 学習回数:7 ステップ数:22,0.8,0.4,0.7,7,22
ε:0.80 α:0.90 γ:0.60 学習回数:7 ステップ数:22,0.8,0.9,0.6,7,22
ε:0.70 α:0.40 γ:0.70 学習回数:7 ステップ数:22,0.7,0.4,0.7,7,22
ε:0.50 α:0.80 γ:0.90 学習回数:7 ステップ数:22,0.5,0.8,0.9,7,22
ε:0.50 α:0.30 γ:0.80 学習回数:7 ステップ数:22,0.5,0.3,0.8,7,22
ε:0.90 α:0.60 γ:0.90 学習回数:7 ステップ数:22,0.9,0.6,0.9,7,22
ε:0.60 α:0.90 γ:0.90 学習回数:7 ステップ数:22,0.6,0.9,0.9,7,22
ε:0.90 α:0.80 γ:0.80 学習回数:7 ステップ数:22,0.9,0.8,0.8,7,22
ε:0.80 α:0.60 γ:0.90 学習回数:7 ステップ数:22,0.8,0.6,0.9,7,22
ε:0.80 α:0.50 γ:0.50 学習回数:7 ステップ数:22,0.8,0.5,0.5,7,22
ε:0.70 α:0.90 γ:0.60 学習回数:7 ステップ数:22,0.7,0.9,0.6,7,22
ε:0.60 α:0.40 γ:0.90 学習回数:7 ステップ数:22,0.6,0.4,0.9,7,22
ε:0.80 α:0.80 γ:0.30 学習回数:7 ステップ数:22,0.8,0.8,0.3,7,22
ε:0.90 α:0.60 γ:0.30 学習回数:7 ステップ数:22,0.9,0.6,0.3,7,22
ε:0.40 α:0.70 γ:0.90 学習回数:7 ステップ数:22,0.4,0.7,0.9,7,22
ε:0.50 α:0.80 γ:0.50 学習回数:7 ステップ数:22,0.5,0.8,0.5,7,22
ε:0.60 α:0.80 γ:0.10 学習回数:7 ステップ数:22,0.6,0.8,0.1,7,22
ε:0.80 α:0.70 γ:0.40 学習回数:7 ステップ数:22,0.8,0.7,0.4,7,22
ε:0.50 α:0.90 γ:0.40 学習回数:8 ステップ数:22,0.5,0.9,0.4,8,22
ε:0.60 α:0.50 γ:0.90 学習回数:8 ステップ数:22,0.6,0.5,0.9,8,22
ε:0.50 α:0.90 γ:0.20 学習回数:8 ステップ数:22,0.5,0.9,0.2,8,22
ε:0.50 α:0.90 γ:0.30 学習回数:8 ステップ数:22,0.5,0.9,0.3,8,22
ε:0.60 α:0.90 γ:0.20 学習回数:8 ステップ数:22,0.6,0.9,0.2,8,22
ε:0.50 α:0.80 γ:0.90 学習回数:8 ステップ数:22,0.5,0.8,0.9,8,22
ε:0.90 α:0.50 γ:0.60 学習回数:8 ステップ数:22,0.9,0.5,0.6,8,22
ε:0.30 α:0.60 γ:0.40 学習回数:8 ステップ数:22,0.3,0.6,0.4,8,22
ε:0.80 α:0.60 γ:0.80 学習回数:8 ステップ数:22,0.8,0.6,0.8,8,22
ε:0.70 α:0.80 γ:0.10 学習回数:8 ステップ数:22,0.7,0.8,0.1,8,22
ε:0.80 α:0.60 γ:0.30 学習回数:8 ステップ数:22,0.8,0.6,0.3,8,22
ε:0.80 α:0.50 γ:0.90 学習回数:8 ステップ数:22,0.8,0.5,0.9,8,22
ε:0.70 α:0.40 γ:0.50 学習回数:8 ステップ数:22,0.7,0.4,0.5,8,22
ε:0.70 α:0.70 γ:0.40 学習回数:8 ステップ数:22,0.7,0.7,0.4,8,22
ε:0.80 α:0.60 γ:0.30 学習回数:8 ステップ数:22,0.8,0.6,0.3,8,22
ε:0.80 α:0.70 γ:0.90 学習回数:8 ステップ数:22,0.8,0.7,0.9,8,22
ε:0.80 α:0.50 γ:0.50 学習回数:8 ステップ数:22,0.8,0.5,0.5,8,22
ε:0.70 α:0.70 γ:0.60 学習回数:8 ステップ数:22,0.7,0.7,0.6,8,22
ε:0.80 α:0.60 γ:0.70 学習回数:8 ステップ数:22,0.8,0.6,0.7,8,22
ε:0.60 α:0.70 γ:0.70 学習回数:8 ステップ数:22,0.6,0.7,0.7,8,22
ε:0.70 α:0.30 γ:0.80 学習回数:8 ステップ数:22,0.7,0.3,0.8,8,22
ε:0.70 α:0.20 γ:0.90 学習回数:8 ステップ数:22,0.7,0.2,0.9,8,22
ε:0.80 α:0.40 γ:0.20 学習回数:8 ステップ数:22,0.8,0.4,0.2,8,22
ε:0.80 α:0.90 γ:0.70 学習回数:8 ステップ数:22,0.8,0.9,0.7,8,22
ε:0.40 α:0.20 γ:0.50 学習回数:8 ステップ数:22,0.4,0.2,0.5,8,22
ε:0.30 α:0.40 γ:0.70 学習回数:8 ステップ数:22,0.3,0.4,0.7,8,22
ε:0.70 α:0.80 γ:0.20 学習回数:8 ステップ数:22,0.7,0.8,0.2,8,22
ε:0.60 α:0.60 γ:0.20 学習回数:8 ステップ数:22,0.6,0.6,0.2,8,22
ε:0.30 α:0.70 γ:0.50 学習回数:8 ステップ数:22,0.3,0.7,0.5,8,22
ε:0.30 α:0.80 γ:0.90 学習回数:8 ステップ数:22,0.3,0.8,0.9,8,22
ε:0.50 α:0.90 γ:0.50 学習回数:8 ステップ数:22,0.5,0.9,0.5,8,22
ε:0.60 α:0.30 γ:0.90 学習回数:8 ステップ数:22,0.6,0.3,0.9,8,22
ε:0.80 α:0.80 γ:0.90 学習回数:8 ステップ数:22,0.8,0.8,0.9,8,22
ε:0.90 α:0.60 γ:0.40 学習回数:8 ステップ数:22,0.9,0.6,0.4,8,22
ε:0.70 α:0.80 γ:0.70 学習回数:8 ステップ数:22,0.7,0.8,0.7,8,22
ε:0.90 α:0.50 γ:0.30 学習回数:8 ステップ数:22,0.9,0.5,0.3,8,22
ε:0.90 α:0.40 γ:0.40 学習回数:8 ステップ数:22,0.9,0.4,0.4,8,22
ε:0.90 α:0.70 γ:0.20 学習回数:8 ステップ数:22,0.9,0.7,0.2,8,22
ε:0.90 α:0.80 γ:0.40 学習回数:8 ステップ数:22,0.9,0.8,0.4,8,22
ε:0.90 α:0.50 γ:0.90 学習回数:8 ステップ数:22,0.9,0.5,0.9,8,22
ε:0.50 α:0.40 γ:0.40 学習回数:8 ステップ数:22,0.5,0.4,0.4,8,22
ε:0.90 α:0.80 γ:0.40 学習回数:8 ステップ数:22,0.9,0.8,0.4,8,22
ε:0.90 α:0.50 γ:0.30 学習回数:8 ステップ数:22,0.9,0.5,0.3,8,22
ε:0.90 α:0.40 γ:0.60 学習回数:8 ステップ数:22,0.9,0.4,0.6,8,22
ε:0.90 α:0.60 γ:0.50 学習回数:8 ステップ数:22,0.9,0.6,0.5,8,22
ε:0.50 α:0.60 γ:0.90 学習回数:8 ステップ数:22,0.5,0.6,0.9,8,22
ε:0.60 α:0.90 γ:0.50 学習回数:8 ステップ数:22,0.6,0.9,0.5,8,22
ε:0.60 α:0.80 γ:0.30 学習回数:8 ステップ数:22,0.6,0.8,0.3,8,22
ε:0.60 α:0.70 γ:0.20 学習回数:8 ステップ数:22,0.6,0.7,0.2,8,22
ε:0.60 α:0.70 γ:0.50 学習回数:8 ステップ数:22,0.6,0.7,0.5,8,22
ε:0.90 α:0.40 γ:0.80 学習回数:9 ステップ数:22,0.9,0.4,0.8,9,22
ε:0.90 α:0.40 γ:0.70 学習回数:9 ステップ数:22,0.9,0.4,0.7,9,22
ε:0.80 α:0.40 γ:0.60 学習回数:9 ステップ数:22,0.8,0.4,0.6,9,22
ε:0.70 α:0.80 γ:0.80 学習回数:9 ステップ数:22,0.7,0.8,0.8,9,22
ε:0.80 α:0.50 γ:0.20 学習回数:9 ステップ数:22,0.8,0.5,0.2,9,22
ε:0.80 α:0.60 γ:0.60 学習回数:9 ステップ数:22,0.8,0.6,0.6,9,22
ε:0.90 α:0.30 γ:0.40 学習回数:9 ステップ数:22,0.9,0.3,0.4,9,22
ε:0.60 α:0.90 γ:0.10 学習回数:9 ステップ数:22,0.6,0.9,0.1,9,22
ε:0.40 α:0.40 γ:0.80 学習回数:9 ステップ数:22,0.4,0.4,0.8,9,22
ε:0.60 α:0.90 γ:0.40 学習回数:9 ステップ数:22,0.6,0.9,0.4,9,22
ε:0.90 α:0.40 γ:0.50 学習回数:9 ステップ数:22,0.9,0.4,0.5,9,22
ε:0.50 α:0.70 γ:0.80 学習回数:9 ステップ数:22,0.5,0.7,0.8,9,22
ε:0.60 α:0.80 γ:0.50 学習回数:9 ステップ数:22,0.6,0.8,0.5,9,22
ε:0.90 α:0.50 γ:0.50 学習回数:9 ステップ数:22,0.9,0.5,0.5,9,22
ε:0.60 α:0.40 γ:0.70 学習回数:9 ステップ数:22,0.6,0.4,0.7,9,22
ε:0.90 α:0.90 γ:0.20 学習回数:9 ステップ数:22,0.9,0.9,0.2,9,22
ε:0.50 α:0.60 γ:0.70 学習回数:9 ステップ数:22,0.5,0.6,0.7,9,22
ε:0.60 α:0.20 γ:0.90 学習回数:9 ステップ数:22,0.6,0.2,0.9,9,22
ε:0.60 α:0.30 γ:0.80 学習回数:9 ステップ数:22,0.6,0.3,0.8,9,22
ε:0.50 α:0.90 γ:0.80 学習回数:9 ステップ数:22,0.5,0.9,0.8,9,22
ε:0.40 α:0.50 γ:0.60 学習回数:9 ステップ数:22,0.4,0.5,0.6,9,22
ε:0.90 α:0.90 γ:0.80 学習回数:9 ステップ数:22,0.9,0.9,0.8,9,22
ε:0.90 α:0.60 γ:0.20 学習回数:9 ステップ数:22,0.9,0.6,0.2,9,22
ε:0.90 α:0.80 γ:0.30 学習回数:9 ステップ数:22,0.9,0.8,0.3,9,22
ε:0.90 α:0.50 γ:0.40 学習回数:9 ステップ数:22,0.9,0.5,0.4,9,22
ε:0.80 α:0.70 γ:0.70 学習回数:9 ステップ数:22,0.8,0.7,0.7,9,22
ε:0.90 α:0.30 γ:0.60 学習回数:9 ステップ数:22,0.9,0.3,0.6,9,22
ε:0.30 α:0.40 γ:0.60 学習回数:9 ステップ数:22,0.3,0.4,0.6,9,22
ε:0.90 α:0.60 γ:0.50 学習回数:9 ステップ数:22,0.9,0.6,0.5,9,22
ε:0.90 α:0.60 γ:0.90 学習回数:9 ステップ数:22,0.9,0.6,0.9,9,22
ε:0.70 α:0.60 γ:0.60 学習回数:9 ステップ数:22,0.7,0.6,0.6,9,22
ε:0.80 α:0.50 γ:0.70 学習回数:9 ステップ数:22,0.8,0.5,0.7,9,22
ε:0.80 α:0.30 γ:0.90 学習回数:9 ステップ数:22,0.8,0.3,0.9,9,22
ε:0.70 α:0.80 γ:0.40 学習回数:9 ステップ数:22,0.7,0.8,0.4,9,22
ε:0.70 α:0.10 γ:0.90 学習回数:9 ステップ数:22,0.7,0.1,0.9,9,22
ε:0.70 α:0.70 γ:0.20 学習回数:9 ステップ数:22,0.7,0.7,0.2,9,22
ε:0.90 α:0.80 γ:0.50 学習回数:9 ステップ数:22,0.9,0.8,0.5,9,22
ε:0.90 α:0.40 γ:0.70 学習回数:9 ステップ数:22,0.9,0.4,0.7,9,22
ε:0.50 α:0.80 γ:0.40 学習回数:9 ステップ数:22,0.5,0.8,0.4,9,22
ε:0.70 α:0.10 γ:0.60 学習回数:9 ステップ数:22,0.7,0.1,0.6,9,22
ε:0.50 α:0.90 γ:0.30 学習回数:9 ステップ数:22,0.5,0.9,0.3,9,22
ε:0.70 α:0.60 γ:0.60 学習回数:9 ステップ数:22,0.7,0.6,0.6,9,22
ε:0.50 α:0.30 γ:0.50 学習回数:9 ステップ数:22,0.5,0.3,0.5,9,22
ε:0.60 α:0.50 γ:0.40 学習回数:9 ステップ数:22,0.6,0.5,0.4,9,22
ε:0.50 α:0.50 γ:0.90 学習回数:9 ステップ数:22,0.5,0.5,0.9,9,22
ε:0.90 α:0.70 γ:0.20 学習回数:10 ステップ数:22,0.9,0.7,0.2,10,22
ε:0.90 α:0.40 γ:0.80 学習回数:10 ステップ数:22,0.9,0.4,0.8,10,22
ε:0.70 α:0.50 γ:0.60 学習回数:10 ステップ数:22,0.7,0.5,0.6,10,22
ε:0.70 α:0.70 γ:0.80 学習回数:10 ステップ数:22,0.7,0.7,0.8,10,22
ε:0.40 α:0.80 γ:0.40 学習回数:10 ステップ数:22,0.4,0.8,0.4,10,22
ε:0.90 α:0.60 γ:0.80 学習回数:10 ステップ数:22,0.9,0.6,0.8,10,22
ε:0.90 α:0.80 γ:0.20 学習回数:10 ステップ数:22,0.9,0.8,0.2,10,22
ε:0.60 α:0.70 γ:0.40 学習回数:10 ステップ数:22,0.6,0.7,0.4,10,22
ε:0.60 α:0.60 γ:0.80 学習回数:10 ステップ数:22,0.6,0.6,0.8,10,22
ε:0.90 α:0.60 γ:0.40 学習回数:10 ステップ数:22,0.9,0.6,0.4,10,22
ε:0.90 α:0.80 γ:0.30 学習回数:10 ステップ数:22,0.9,0.8,0.3,10,22
ε:0.50 α:0.60 γ:0.80 学習回数:10 ステップ数:22,0.5,0.6,0.8,10,22
ε:0.90 α:0.50 γ:0.20 学習回数:10 ステップ数:22,0.9,0.5,0.2,10,22
ε:0.50 α:0.70 γ:0.40 学習回数:10 ステップ数:22,0.5,0.7,0.4,10,22
ε:0.50 α:0.60 γ:0.80 学習回数:10 ステップ数:22,0.5,0.6,0.8,10,22
ε:0.60 α:0.30 γ:0.90 学習回数:10 ステップ数:22,0.6,0.3,0.9,10,22
ε:0.50 α:0.50 γ:0.40 学習回数:10 ステップ数:22,0.5,0.5,0.4,10,22
ε:0.50 α:0.30 γ:0.60 学習回数:10 ステップ数:22,0.5,0.3,0.6,10,22
ε:0.50 α:0.60 γ:0.60 学習回数:10 ステップ数:22,0.5,0.6,0.6,10,22
ε:0.50 α:0.80 γ:0.20 学習回数:10 ステップ数:22,0.5,0.8,0.2,10,22
ε:0.50 α:0.50 γ:0.50 学習回数:10 ステップ数:22,0.5,0.5,0.5,10,22
ε:0.70 α:0.60 γ:0.20 学習回数:10 ステップ数:22,0.7,0.6,0.2,10,22
ε:0.70 α:0.50 γ:0.80 学習回数:10 ステップ数:22,0.7,0.5,0.8,10,22
ε:0.80 α:0.40 γ:0.50 学習回数:10 ステップ数:22,0.8,0.4,0.5,10,22
ε:0.80 α:0.80 γ:0.10 学習回数:10 ステップ数:22,0.8,0.8,0.1,10,22
ε:0.80 α:0.40 γ:0.50 学習回数:10 ステップ数:22,0.8,0.4,0.5,10,22
ε:0.80 α:0.80 γ:0.20 学習回数:10 ステップ数:22,0.8,0.8,0.2,10,22
ε:0.90 α:0.50 γ:0.20 学習回数:10 ステップ数:22,0.9,0.5,0.2,10,22
ε:0.70 α:0.80 γ:0.30 学習回数:10 ステップ数:22,0.7,0.8,0.3,10,22
ε:0.70 α:0.70 γ:0.70 学習回数:10 ステップ数:22,0.7,0.7,0.7,10,22
ε:0.90 α:0.90 γ:0.40 学習回数:10 ステップ数:22,0.9,0.9,0.4,10,22
ε:0.40 α:0.60 γ:0.20 学習回数:10 ステップ数:22,0.4,0.6,0.2,10,22
ε:0.40 α:0.60 γ:0.50 学習回数:10 ステップ数:22,0.4,0.6,0.5,10,22
ε:0.90 α:0.90 γ:0.10 学習回数:10 ステップ数:22,0.9,0.9,0.1,10,22
ε:0.70 α:0.90 γ:0.40 学習回数:10 ステップ数:22,0.7,0.9,0.4,10,22
ε:0.70 α:0.40 γ:0.40 学習回数:10 ステップ数:22,0.7,0.4,0.4,10,22
ε:0.70 α:0.60 γ:0.50 学習回数:10 ステップ数:22,0.7,0.6,0.5,10,22
ε:0.70 α:0.60 γ:0.40 学習回数:10 ステップ数:22,0.7,0.6,0.4,10,22
ε:0.70 α:0.50 γ:0.90 学習回数:10 ステップ数:22,0.7,0.5,0.9,10,22
ε:0.70 α:0.50 γ:0.10 学習回数:10 ステップ数:22,0.7,0.5,0.1,10,22
ε:0.60 α:0.90 γ:0.70 学習回数:10 ステップ数:22,0.6,0.9,0.7,10,22
ε:0.60 α:0.90 γ:0.60 学習回数:10 ステップ数:22,0.6,0.9,0.6,10,22
ε:0.80 α:0.60 γ:0.90 学習回数:10 ステップ数:22,0.8,0.6,0.9,10,22
ε:0.60 α:0.70 γ:0.90 学習回数:10 ステップ数:22,0.6,0.7,0.9,10,22
ε:0.70 α:0.60 γ:0.30 学習回数:10 ステップ数:22,0.7,0.6,0.3,10,22
ε:0.80 α:0.60 γ:0.20 学習回数:10 ステップ数:22,0.8,0.6,0.2,10,22
ε:0.80 α:0.70 γ:0.10 学習回数:10 ステップ数:22,0.8,0.7,0.1,10,22
ε:0.70 α:0.80 γ:0.20 学習回数:10 ステップ数:22,0.7,0.8,0.2,10,22
ε:0.80 α:0.60 γ:0.20 学習回数:10 ステップ数:22,0.8,0.6,0.2,10,22
ε:0.80 α:0.40 γ:0.80 学習回数:10 ステップ数:22,0.8,0.4,0.8,10,22
ε:0.60 α:0.70 γ:0.20 学習回数:10 ステップ数:22,0.6,0.7,0.2,10,22
ε:0.40 α:0.60 γ:0.80 学習回数:10 ステップ数:22,0.4,0.6,0.8,10,22
ε:0.60 α:0.70 γ:0.50 学習回数:10 ステップ数:22,0.6,0.7,0.5,10,22
ε:0.60 α:0.60 γ:0.10 学習回数:10 ステップ数:22,0.6,0.6,0.1,10,22
ε:0.50 α:0.70 γ:0.90 学習回数:10 ステップ数:22,0.5,0.7,0.9,10,22
ε:0.90 α:0.30 γ:0.90 学習回数:10 ステップ数:22,0.9,0.3,0.9,10,22
ε:0.80 α:0.60 γ:0.80 学習回数:10 ステップ数:22,0.8,0.6,0.8,10,22
ε:0.60 α:0.50 γ:0.60 学習回数:10 ステップ数:22,0.6,0.5,0.6,10,22
ε:0.50 α:0.90 γ:0.10 学習回数:11 ステップ数:22,0.5,0.9,0.1,11,22
ε:0.90 α:0.90 γ:0.40 学習回数:11 ステップ数:22,0.9,0.9,0.4,11,22
ε:0.50 α:0.50 γ:0.50 学習回数:11 ステップ数:22,0.5,0.5,0.5,11,22
ε:0.40 α:0.90 γ:0.50 学習回数:11 ステップ数:22,0.4,0.9,0.5,11,22
ε:0.40 α:0.50 γ:0.50 学習回数:11 ステップ数:22,0.4,0.5,0.5,11,22
ε:0.40 α:0.80 γ:0.20 学習回数:11 ステップ数:22,0.4,0.8,0.2,11,22
ε:0.40 α:0.50 γ:0.70 学習回数:11 ステップ数:22,0.4,0.5,0.7,11,22
ε:0.30 α:0.90 γ:0.80 学習回数:11 ステップ数:22,0.3,0.9,0.8,11,22
ε:0.80 α:0.60 γ:0.70 学習回数:11 ステップ数:22,0.8,0.6,0.7,11,22
ε:0.50 α:0.90 γ:0.50 学習回数:11 ステップ数:22,0.5,0.9,0.5,11,22
ε:0.70 α:0.70 γ:0.50 学習回数:11 ステップ数:22,0.7,0.7,0.5,11,22
ε:0.70 α:0.90 γ:0.90 学習回数:11 ステップ数:22,0.7,0.9,0.9,11,22
ε:0.70 α:0.40 γ:0.70 学習回数:11 ステップ数:22,0.7,0.4,0.7,11,22
ε:0.80 α:0.70 γ:0.10 学習回数:11 ステップ数:22,0.8,0.7,0.1,11,22
ε:0.70 α:0.80 γ:0.70 学習回数:11 ステップ数:22,0.7,0.8,0.7,11,22
ε:0.30 α:0.90 γ:0.40 学習回数:11 ステップ数:22,0.3,0.9,0.4,11,22
ε:0.70 α:0.50 γ:0.30 学習回数:11 ステップ数:22,0.7,0.5,0.3,11,22
ε:0.90 α:0.40 γ:0.90 学習回数:11 ステップ数:22,0.9,0.4,0.9,11,22
ε:0.60 α:0.80 γ:0.90 学習回数:11 ステップ数:22,0.6,0.8,0.9,11,22
ε:0.60 α:0.40 γ:0.80 学習回数:11 ステップ数:22,0.6,0.4,0.8,11,22
ε:0.90 α:0.60 γ:0.60 学習回数:11 ステップ数:22,0.9,0.6,0.6,11,22
ε:0.70 α:0.60 γ:0.90 学習回数:11 ステップ数:22,0.7,0.6,0.9,11,22
ε:0.70 α:0.70 γ:0.30 学習回数:11 ステップ数:22,0.7,0.7,0.3,11,22
ε:0.70 α:0.50 γ:0.70 学習回数:11 ステップ数:22,0.7,0.5,0.7,11,22
ε:0.50 α:0.80 γ:0.60 学習回数:11 ステップ数:22,0.5,0.8,0.6,11,22
ε:0.50 α:0.80 γ:0.80 学習回数:11 ステップ数:22,0.5,0.8,0.8,11,22
ε:0.50 α:0.70 γ:0.60 学習回数:11 ステップ数:22,0.5,0.7,0.6,11,22
ε:0.40 α:0.90 γ:0.60 学習回数:11 ステップ数:22,0.4,0.9,0.6,11,22
ε:0.40 α:0.90 γ:0.70 学習回数:11 ステップ数:22,0.4,0.9,0.7,11,22
ε:0.40 α:0.90 γ:0.90 学習回数:11 ステップ数:22,0.4,0.9,0.9,11,22
ε:0.40 α:0.70 γ:0.50 学習回数:11 ステップ数:22,0.4,0.7,0.5,11,22
ε:0.70 α:0.50 γ:0.80 学習回数:11 ステップ数:22,0.7,0.5,0.8,11,22
ε:0.60 α:0.20 γ:0.80 学習回数:11 ステップ数:22,0.6,0.2,0.8,11,22
ε:0.60 α:0.50 γ:0.20 学習回数:11 ステップ数:22,0.6,0.5,0.2,11,22
ε:0.60 α:0.60 γ:0.60 学習回数:11 ステップ数:22,0.6,0.6,0.6,11,22
ε:0.60 α:0.50 γ:0.80 学習回数:11 ステップ数:22,0.6,0.5,0.8,11,22
ε:0.90 α:0.30 γ:0.80 学習回数:11 ステップ数:22,0.9,0.3,0.8,11,22
ε:0.90 α:0.40 γ:0.40 学習回数:11 ステップ数:22,0.9,0.4,0.4,11,22
ε:0.90 α:0.30 γ:0.50 学習回数:11 ステップ数:22,0.9,0.3,0.5,11,22
ε:0.60 α:0.50 γ:0.50 学習回数:11 ステップ数:22,0.6,0.5,0.5,11,22
ε:0.60 α:0.70 γ:0.30 学習回数:11 ステップ数:22,0.6,0.7,0.3,11,22
ε:0.70 α:0.30 γ:0.90 学習回数:11 ステップ数:22,0.7,0.3,0.9,11,22
ε:0.90 α:0.80 γ:0.90 学習回数:11 ステップ数:22,0.9,0.8,0.9,11,22
ε:0.70 α:0.60 γ:0.30 学習回数:11 ステップ数:22,0.7,0.6,0.3,11,22
ε:0.90 α:0.70 γ:0.90 学習回数:11 ステップ数:22,0.9,0.7,0.9,11,22
ε:0.60 α:0.80 γ:0.10 学習回数:11 ステップ数:22,0.6,0.8,0.1,11,22
ε:0.80 α:0.90 γ:0.10 学習回数:11 ステップ数:22,0.8,0.9,0.1,11,22
ε:0.60 α:0.70 γ:0.60 学習回数:11 ステップ数:22,0.6,0.7,0.6,11,22
ε:0.90 α:0.30 γ:0.60 学習回数:11 ステップ数:22,0.9,0.3,0.6,11,22
ε:0.80 α:0.50 γ:0.40 学習回数:11 ステップ数:22,0.8,0.5,0.4,11,22
ε:0.50 α:0.80 γ:0.10 学習回数:11 ステップ数:22,0.5,0.8,0.1,11,22
ε:0.40 α:0.40 γ:0.70 学習回数:11 ステップ数:22,0.4,0.4,0.7,11,22
ε:0.70 α:0.20 γ:0.60 学習回数:11 ステップ数:22,0.7,0.2,0.6,11,22
ε:0.90 α:0.30 γ:0.20 学習回数:11 ステップ数:22,0.9,0.3,0.2,11,22
ε:0.60 α:0.80 γ:0.40 学習回数:11 ステップ数:22,0.6,0.8,0.4,11,22
ε:0.70 α:0.90 γ:0.60 学習回数:12 ステップ数:22,0.7,0.9,0.6,12,22
ε:0.60 α:0.10 γ:0.70 学習回数:12 ステップ数:22,0.6,0.1,0.7,12,22
ε:0.70 α:0.70 γ:0.20 学習回数:12 ステップ数:22,0.7,0.7,0.2,12,22
ε:0.50 α:0.90 γ:0.70 学習回数:12 ステップ数:22,0.5,0.9,0.7,12,22
ε:0.80 α:0.70 γ:0.90 学習回数:12 ステップ数:22,0.8,0.7,0.9,12,22
ε:0.70 α:0.90 γ:0.10 学習回数:12 ステップ数:22,0.7,0.9,0.1,12,22
ε:0.80 α:0.40 γ:0.90 学習回数:12 ステップ数:22,0.8,0.4,0.9,12,22
ε:0.70 α:0.90 γ:0.30 学習回数:12 ステップ数:22,0.7,0.9,0.3,12,22
ε:0.70 α:0.70 γ:0.70 学習回数:12 ステップ数:22,0.7,0.7,0.7,12,22
ε:0.90 α:0.50 γ:0.70 学習回数:12 ステップ数:22,0.9,0.5,0.7,12,22
ε:0.80 α:0.20 γ:0.90 学習回数:12 ステップ数:22,0.8,0.2,0.9,12,22
ε:0.50 α:0.10 γ:0.80 学習回数:12 ステップ数:22,0.5,0.1,0.8,12,22
ε:0.50 α:0.40 γ:0.90 学習回数:12 ステップ数:22,0.5,0.4,0.9,12,22
ε:0.90 α:0.40 γ:0.50 学習回数:12 ステップ数:22,0.9,0.4,0.5,12,22
ε:0.30 α:0.30 γ:0.90 学習回数:12 ステップ数:22,0.3,0.3,0.9,12,22
ε:0.70 α:0.40 γ:0.90 学習回数:12 ステップ数:22,0.7,0.4,0.9,12,22
ε:0.80 α:0.50 γ:0.60 学習回数:12 ステップ数:22,0.8,0.5,0.6,12,22
ε:0.90 α:0.40 γ:0.60 学習回数:12 ステップ数:22,0.9,0.4,0.6,12,22
ε:0.70 α:0.50 γ:0.50 学習回数:12 ステップ数:22,0.7,0.5,0.5,12,22
ε:0.50 α:0.60 γ:0.70 学習回数:12 ステップ数:22,0.5,0.6,0.7,12,22
ε:0.50 α:0.90 γ:0.40 学習回数:12 ステップ数:22,0.5,0.9,0.4,12,22
ε:0.60 α:0.10 γ:0.70 学習回数:12 ステップ数:22,0.6,0.1,0.7,12,22
ε:0.50 α:0.80 γ:0.40 学習回数:12 ステップ数:22,0.5,0.8,0.4,12,22
ε:0.40 α:0.20 γ:0.90 学習回数:12 ステップ数:22,0.4,0.2,0.9,12,22
ε:0.90 α:0.90 γ:0.60 学習回数:12 ステップ数:22,0.9,0.9,0.6,12,22
ε:0.80 α:0.80 γ:0.60 学習回数:12 ステップ数:22,0.8,0.8,0.6,12,22
ε:0.40 α:0.70 γ:0.90 学習回数:12 ステップ数:22,0.4,0.7,0.9,12,22
ε:0.20 α:0.50 γ:0.20 学習回数:12 ステップ数:22,0.2,0.5,0.2,12,22
ε:0.80 α:0.50 γ:0.80 学習回数:12 ステップ数:22,0.8,0.5,0.8,12,22
ε:0.40 α:0.80 γ:0.60 学習回数:12 ステップ数:22,0.4,0.8,0.6,12,22
ε:0.90 α:0.90 γ:0.30 学習回数:12 ステップ数:22,0.9,0.9,0.3,12,22
ε:0.50 α:0.50 γ:0.80 学習回数:12 ステップ数:22,0.5,0.5,0.8,12,22
ε:0.80 α:0.40 γ:0.60 学習回数:12 ステップ数:22,0.8,0.4,0.6,12,22
ε:0.60 α:0.80 γ:0.30 学習回数:12 ステップ数:22,0.6,0.8,0.3,12,22
ε:0.80 α:0.90 γ:0.90 学習回数:12 ステップ数:22,0.8,0.9,0.9,12,22
ε:0.60 α:0.30 γ:0.80 学習回数:12 ステップ数:22,0.6,0.3,0.8,12,22
ε:0.50 α:0.50 γ:0.60 学習回数:12 ステップ数:22,0.5,0.5,0.6,12,22
ε:0.50 α:0.60 γ:0.30 学習回数:12 ステップ数:22,0.5,0.6,0.3,12,22
ε:0.50 α:0.60 γ:0.10 学習回数:12 ステップ数:22,0.5,0.6,0.1,12,22
ε:0.70 α:0.10 γ:0.80 学習回数:12 ステップ数:22,0.7,0.1,0.8,12,22
ε:0.40 α:0.50 γ:0.60 学習回数:12 ステップ数:22,0.4,0.5,0.6,12,22
ε:0.90 α:0.50 γ:0.70 学習回数:12 ステップ数:22,0.9,0.5,0.7,12,22
ε:0.80 α:0.90 γ:0.20 学習回数:12 ステップ数:22,0.8,0.9,0.2,12,22
ε:0.60 α:0.90 γ:0.10 学習回数:12 ステップ数:22,0.6,0.9,0.1,12,22
ε:0.60 α:0.60 γ:0.40 学習回数:12 ステップ数:22,0.6,0.6,0.4,12,22
ε:0.90 α:0.70 γ:0.50 学習回数:12 ステップ数:22,0.9,0.7,0.5,12,22
ε:0.90 α:0.70 γ:0.70 学習回数:12 ステップ数:22,0.9,0.7,0.7,12,22
ε:0.90 α:0.80 γ:0.10 学習回数:12 ステップ数:22,0.9,0.8,0.1,12,22
ε:0.50 α:0.20 γ:0.20 学習回数:12 ステップ数:22,0.5,0.2,0.2,12,22
ε:0.40 α:0.90 γ:0.80 学習回数:12 ステップ数:22,0.4,0.9,0.8,12,22
ε:0.50 α:0.30 γ:0.80 学習回数:12 ステップ数:22,0.5,0.3,0.8,12,22
ε:0.50 α:0.30 γ:0.50 学習回数:12 ステップ数:22,0.5,0.3,0.5,12,22
ε:0.60 α:0.40 γ:0.40 学習回数:12 ステップ数:22,0.6,0.4,0.4,12,22
ε:0.60 α:0.30 γ:0.70 学習回数:13 ステップ数:22,0.6,0.3,0.7,13,22
ε:0.60 α:0.40 γ:0.50 学習回数:13 ステップ数:22,0.6,0.4,0.5,13,22
ε:0.40 α:0.90 γ:0.70 学習回数:13 ステップ数:22,0.4,0.9,0.7,13,22
ε:0.90 α:0.70 γ:0.40 学習回数:13 ステップ数:22,0.9,0.7,0.4,13,22
ε:0.90 α:0.70 γ:0.30 学習回数:13 ステップ数:22,0.9,0.7,0.3,13,22
ε:0.70 α:0.40 γ:0.10 学習回数:13 ステップ数:22,0.7,0.4,0.1,13,22
ε:0.70 α:0.30 γ:0.70 学習回数:13 ステップ数:22,0.7,0.3,0.7,13,22
ε:0.90 α:0.90 γ:0.10 学習回数:13 ステップ数:22,0.9,0.9,0.1,13,22
ε:0.60 α:0.90 γ:0.60 学習回数:13 ステップ数:22,0.6,0.9,0.6,13,22
ε:0.80 α:0.70 γ:0.70 学習回数:13 ステップ数:22,0.8,0.7,0.7,13,22
ε:0.90 α:0.50 γ:0.80 学習回数:13 ステップ数:22,0.9,0.5,0.8,13,22
ε:0.60 α:0.60 γ:0.20 学習回数:13 ステップ数:22,0.6,0.6,0.2,13,22
ε:0.90 α:0.50 γ:0.90 学習回数:13 ステップ数:22,0.9,0.5,0.9,13,22
ε:0.90 α:0.20 γ:0.80 学習回数:13 ステップ数:22,0.9,0.2,0.8,13,22
ε:0.90 α:0.90 γ:0.70 学習回数:13 ステップ数:22,0.9,0.9,0.7,13,22
ε:0.60 α:0.90 γ:0.30 学習回数:13 ステップ数:22,0.6,0.9,0.3,13,22
ε:0.50 α:0.60 γ:0.40 学習回数:13 ステップ数:22,0.5,0.6,0.4,13,22
ε:0.90 α:0.70 γ:0.50 学習回数:13 ステップ数:22,0.9,0.7,0.5,13,22
ε:0.70 α:0.40 γ:0.20 学習回数:13 ステップ数:22,0.7,0.4,0.2,13,22
ε:0.90 α:0.60 γ:0.70 学習回数:13 ステップ数:22,0.9,0.6,0.7,13,22
ε:0.50 α:0.70 γ:0.20 学習回数:13 ステップ数:22,0.5,0.7,0.2,13,22
ε:0.70 α:0.40 γ:0.80 学習回数:13 ステップ数:22,0.7,0.4,0.8,13,22
ε:0.50 α:0.60 γ:0.30 学習回数:13 ステップ数:22,0.5,0.6,0.3,13,22
ε:0.20 α:0.20 γ:0.20 学習回数:13 ステップ数:22,0.2,0.2,0.2,13,22
ε:0.40 α:0.40 γ:0.80 学習回数:13 ステップ数:22,0.4,0.4,0.8,13,22
ε:0.90 α:0.30 γ:0.50 学習回数:13 ステップ数:22,0.9,0.3,0.5,13,22
ε:0.20 α:0.30 γ:0.60 学習回数:13 ステップ数:22,0.2,0.3,0.6,13,22
ε:0.90 α:0.70 γ:0.90 学習回数:13 ステップ数:22,0.9,0.7,0.9,13,22
ε:0.70 α:0.70 γ:0.10 学習回数:13 ステップ数:22,0.7,0.7,0.1,13,22
ε:0.80 α:0.50 γ:0.60 学習回数:13 ステップ数:22,0.8,0.5,0.6,13,22
ε:0.70 α:0.50 γ:0.20 学習回数:13 ステップ数:22,0.7,0.5,0.2,13,22
ε:0.70 α:0.60 γ:0.10 学習回数:13 ステップ数:22,0.7,0.6,0.1,13,22
ε:0.80 α:0.70 γ:0.20 学習回数:13 ステップ数:22,0.8,0.7,0.2,13,22
ε:0.80 α:0.30 γ:0.60 学習回数:13 ステップ数:22,0.8,0.3,0.6,13,22
ε:0.80 α:0.70 γ:0.60 学習回数:13 ステップ数:22,0.8,0.7,0.6,13,22
ε:0.80 α:0.20 γ:0.70 学習回数:13 ステップ数:22,0.8,0.2,0.7,13,22
ε:0.80 α:0.50 γ:0.10 学習回数:13 ステップ数:22,0.8,0.5,0.1,13,22
ε:0.40 α:0.80 γ:0.70 学習回数:13 ステップ数:22,0.4,0.8,0.7,13,22
ε:0.40 α:0.60 γ:0.80 学習回数:13 ステップ数:22,0.4,0.6,0.8,13,22
ε:0.70 α:0.50 γ:0.70 学習回数:13 ステップ数:22,0.7,0.5,0.7,13,22
ε:0.90 α:0.50 γ:0.50 学習回数:14 ステップ数:22,0.9,0.5,0.5,14,22
ε:0.60 α:0.80 γ:0.20 学習回数:14 ステップ数:22,0.6,0.8,0.2,14,22
ε:0.30 α:0.90 γ:0.80 学習回数:14 ステップ数:22,0.3,0.9,0.8,14,22
ε:0.50 α:0.40 γ:0.70 学習回数:14 ステップ数:22,0.5,0.4,0.7,14,22
ε:0.90 α:0.70 γ:0.10 学習回数:14 ステップ数:22,0.9,0.7,0.1,14,22
ε:0.90 α:0.40 γ:0.30 学習回数:14 ステップ数:22,0.9,0.4,0.3,14,22
ε:0.30 α:0.30 γ:0.50 学習回数:14 ステップ数:22,0.3,0.3,0.5,14,22
ε:0.70 α:0.60 γ:0.80 学習回数:14 ステップ数:22,0.7,0.6,0.8,14,22
ε:0.80 α:0.40 γ:0.80 学習回数:14 ステップ数:22,0.8,0.4,0.8,14,22
ε:0.80 α:0.30 γ:0.30 学習回数:14 ステップ数:22,0.8,0.3,0.3,14,22
ε:0.70 α:0.40 γ:0.40 学習回数:14 ステップ数:22,0.7,0.4,0.4,14,22
ε:0.70 α:0.20 γ:0.80 学習回数:14 ステップ数:22,0.7,0.2,0.8,14,22
ε:0.70 α:0.40 γ:0.30 学習回数:14 ステップ数:22,0.7,0.4,0.3,14,22
ε:0.90 α:0.20 γ:0.40 学習回数:14 ステップ数:22,0.9,0.2,0.4,14,22
ε:0.60 α:0.50 γ:0.50 学習回数:14 ステップ数:22,0.6,0.5,0.5,14,22
ε:0.80 α:0.30 γ:0.40 学習回数:14 ステップ数:22,0.8,0.3,0.4,14,22
ε:0.50 α:0.80 γ:0.30 学習回数:14 ステップ数:22,0.5,0.8,0.3,14,22
ε:0.40 α:0.80 γ:0.80 学習回数:14 ステップ数:22,0.4,0.8,0.8,14,22
ε:0.40 α:0.30 γ:0.90 学習回数:14 ステップ数:22,0.4,0.3,0.9,14,22
ε:0.70 α:0.70 γ:0.10 学習回数:14 ステップ数:22,0.7,0.7,0.1,14,22
ε:0.80 α:0.80 γ:0.10 学習回数:14 ステップ数:22,0.8,0.8,0.1,14,22
ε:0.30 α:0.70 γ:0.50 学習回数:14 ステップ数:22,0.3,0.7,0.5,14,22
ε:0.60 α:0.40 γ:0.80 学習回数:14 ステップ数:22,0.6,0.4,0.8,14,22
ε:0.60 α:0.90 γ:0.80 学習回数:14 ステップ数:22,0.6,0.9,0.8,14,22
ε:0.70 α:0.80 γ:0.50 学習回数:14 ステップ数:22,0.7,0.8,0.5,14,22
ε:0.70 α:0.60 γ:0.80 学習回数:14 ステップ数:22,0.7,0.6,0.8,14,22
ε:0.40 α:0.80 γ:0.10 学習回数:14 ステップ数:22,0.4,0.8,0.1,14,22
ε:0.70 α:0.70 γ:0.60 学習回数:14 ステップ数:22,0.7,0.7,0.6,14,22
ε:0.60 α:0.40 γ:0.10 学習回数:14 ステップ数:22,0.6,0.4,0.1,14,22
ε:0.60 α:0.50 γ:0.60 学習回数:14 ステップ数:22,0.6,0.5,0.6,14,22
ε:0.90 α:0.70 γ:0.70 学習回数:14 ステップ数:22,0.9,0.7,0.7,14,22
ε:0.20 α:0.80 γ:0.40 学習回数:14 ステップ数:22,0.2,0.8,0.4,14,22
ε:0.30 α:0.80 γ:0.60 学習回数:14 ステップ数:22,0.3,0.8,0.6,14,22
ε:0.20 α:0.60 γ:0.20 学習回数:14 ステップ数:22,0.2,0.6,0.2,14,22
ε:0.50 α:0.50 γ:0.30 学習回数:14 ステップ数:22,0.5,0.5,0.3,14,22
ε:0.80 α:0.80 γ:0.40 学習回数:14 ステップ数:22,0.8,0.8,0.4,14,22
ε:0.70 α:0.50 γ:0.40 学習回数:14 ステップ数:22,0.7,0.5,0.4,14,22
ε:0.20 α:0.50 γ:0.10 学習回数:14 ステップ数:22,0.2,0.5,0.1,14,22
ε:0.40 α:0.80 γ:0.70 学習回数:14 ステップ数:22,0.4,0.8,0.7,14,22
ε:0.80 α:0.70 γ:0.80 学習回数:14 ステップ数:22,0.8,0.7,0.8,14,22
ε:0.80 α:0.50 γ:0.10 学習回数:14 ステップ数:22,0.8,0.5,0.1,14,22
ε:0.50 α:0.70 γ:0.10 学習回数:15 ステップ数:22,0.5,0.7,0.1,15,22
ε:0.40 α:0.20 γ:0.60 学習回数:15 ステップ数:22,0.4,0.2,0.6,15,22
ε:0.90 α:0.10 γ:0.90 学習回数:15 ステップ数:22,0.9,0.1,0.9,15,22
ε:0.40 α:0.40 γ:0.90 学習回数:15 ステップ数:22,0.4,0.4,0.9,15,22
ε:0.40 α:0.10 γ:0.80 学習回数:15 ステップ数:22,0.4,0.1,0.8,15,22
ε:0.40 α:0.30 γ:0.90 学習回数:15 ステップ数:22,0.4,0.3,0.9,15,22
ε:0.50 α:0.40 γ:0.30 学習回数:15 ステップ数:22,0.5,0.4,0.3,15,22
ε:0.50 α:0.50 γ:0.20 学習回数:15 ステップ数:22,0.5,0.5,0.2,15,22
ε:0.30 α:0.50 γ:0.20 学習回数:15 ステップ数:22,0.3,0.5,0.2,15,22
ε:0.40 α:0.50 γ:0.30 学習回数:15 ステップ数:22,0.4,0.5,0.3,15,22
ε:0.50 α:0.40 γ:0.20 学習回数:15 ステップ数:22,0.5,0.4,0.2,15,22
ε:0.60 α:0.20 γ:0.50 学習回数:15 ステップ数:22,0.6,0.2,0.5,15,22
ε:0.50 α:0.40 γ:0.90 学習回数:15 ステップ数:22,0.5,0.4,0.9,15,22
ε:0.90 α:0.90 γ:0.50 学習回数:15 ステップ数:22,0.9,0.9,0.5,15,22
ε:0.60 α:0.20 γ:0.40 学習回数:15 ステップ数:22,0.6,0.2,0.4,15,22
ε:0.90 α:0.20 γ:0.50 学習回数:15 ステップ数:22,0.9,0.2,0.5,15,22
ε:0.30 α:0.90 γ:0.60 学習回数:15 ステップ数:22,0.3,0.9,0.6,15,22
ε:0.70 α:0.40 γ:0.50 学習回数:15 ステップ数:22,0.7,0.4,0.5,15,22
ε:0.40 α:0.80 γ:0.30 学習回数:15 ステップ数:22,0.4,0.8,0.3,15,22
ε:0.70 α:0.90 γ:0.90 学習回数:15 ステップ数:22,0.7,0.9,0.9,15,22
ε:0.40 α:0.60 γ:0.10 学習回数:15 ステップ数:22,0.4,0.6,0.1,15,22
ε:0.80 α:0.40 γ:0.30 学習回数:15 ステップ数:22,0.8,0.4,0.3,15,22
ε:0.90 α:0.50 γ:0.10 学習回数:15 ステップ数:22,0.9,0.5,0.1,15,22
ε:0.60 α:0.60 γ:0.70 学習回数:15 ステップ数:22,0.6,0.6,0.7,15,22
ε:0.60 α:0.70 γ:0.70 学習回数:15 ステップ数:22,0.6,0.7,0.7,15,22
ε:0.60 α:0.40 γ:0.50 学習回数:15 ステップ数:22,0.6,0.4,0.5,15,22
ε:0.50 α:0.80 γ:0.50 学習回数:15 ステップ数:22,0.5,0.8,0.5,15,22
ε:0.50 α:0.50 γ:0.30 学習回数:15 ステップ数:22,0.5,0.5,0.3,15,22
ε:0.60 α:0.50 γ:0.80 学習回数:15 ステップ数:22,0.6,0.5,0.8,15,22
ε:0.70 α:0.80 γ:0.10 学習回数:15 ステップ数:22,0.7,0.8,0.1,15,22
ε:0.90 α:0.80 γ:0.50 学習回数:15 ステップ数:22,0.9,0.8,0.5,15,22
ε:0.80 α:0.40 γ:0.20 学習回数:15 ステップ数:22,0.8,0.4,0.2,15,22
ε:0.40 α:0.60 γ:0.20 学習回数:15 ステップ数:22,0.4,0.6,0.2,15,22
ε:0.60 α:0.60 γ:0.70 学習回数:15 ステップ数:22,0.6,0.6,0.7,15,22
ε:0.80 α:0.50 γ:0.30 学習回数:15 ステップ数:22,0.8,0.5,0.3,15,22
ε:0.80 α:0.80 γ:0.40 学習回数:15 ステップ数:22,0.8,0.8,0.4,15,22
ε:0.80 α:0.70 γ:0.20 学習回数:15 ステップ数:22,0.8,0.7,0.2,15,22
ε:0.60 α:0.50 γ:0.70 学習回数:15 ステップ数:22,0.6,0.5,0.7,15,22
ε:0.90 α:0.70 γ:0.80 学習回数:15 ステップ数:22,0.9,0.7,0.8,15,22
ε:0.80 α:0.90 γ:0.50 学習回数:15 ステップ数:22,0.8,0.9,0.5,15,22
ε:0.60 α:0.40 γ:0.60 学習回数:15 ステップ数:22,0.6,0.4,0.6,15,22
ε:0.20 α:0.70 γ:0.10 学習回数:15 ステップ数:22,0.2,0.7,0.1,15,22
ε:0.60 α:0.40 γ:0.60 学習回数:16 ステップ数:22,0.6,0.4,0.6,16,22
ε:0.90 α:0.60 γ:0.10 学習回数:16 ステップ数:22,0.9,0.6,0.1,16,22
ε:0.30 α:0.90 γ:0.30 学習回数:16 ステップ数:22,0.3,0.9,0.3,16,22
ε:0.60 α:0.30 γ:0.50 学習回数:16 ステップ数:22,0.6,0.3,0.5,16,22
ε:0.50 α:0.70 γ:0.40 学習回数:16 ステップ数:22,0.5,0.7,0.4,16,22
ε:0.90 α:0.90 γ:0.50 学習回数:16 ステップ数:22,0.9,0.9,0.5,16,22
ε:0.80 α:0.30 γ:0.20 学習回数:16 ステップ数:22,0.8,0.3,0.2,16,22
ε:0.60 α:0.40 γ:0.10 学習回数:16 ステップ数:22,0.6,0.4,0.1,16,22
ε:0.90 α:0.40 γ:0.20 学習回数:16 ステップ数:22,0.9,0.4,0.2,16,22
ε:0.40 α:0.90 γ:0.90 学習回数:16 ステップ数:22,0.4,0.9,0.9,16,22
ε:0.40 α:0.90 γ:0.20 学習回数:16 ステップ数:22,0.4,0.9,0.2,16,22
ε:0.80 α:0.30 γ:0.80 学習回数:16 ステップ数:22,0.8,0.3,0.8,16,22
ε:0.50 α:0.50 γ:0.10 学習回数:16 ステップ数:22,0.5,0.5,0.1,16,22
ε:0.80 α:0.60 γ:0.10 学習回数:16 ステップ数:22,0.8,0.6,0.1,16,22
ε:0.50 α:0.70 γ:0.50 学習回数:16 ステップ数:22,0.5,0.7,0.5,16,22
ε:0.40 α:0.70 γ:0.10 学習回数:16 ステップ数:22,0.4,0.7,0.1,16,22
ε:0.70 α:0.50 γ:0.10 学習回数:16 ステップ数:22,0.7,0.5,0.1,16,22
ε:0.80 α:0.60 γ:0.40 学習回数:16 ステップ数:22,0.8,0.6,0.4,16,22
ε:0.80 α:0.30 γ:0.30 学習回数:16 ステップ数:22,0.8,0.3,0.3,16,22
ε:0.80 α:0.30 γ:0.10 学習回数:16 ステップ数:22,0.8,0.3,0.1,16,22
ε:0.80 α:0.30 γ:0.40 学習回数:16 ステップ数:22,0.8,0.3,0.4,16,22
ε:0.50 α:0.50 γ:0.60 学習回数:16 ステップ数:22,0.5,0.5,0.6,16,22
ε:0.40 α:0.90 γ:0.30 学習回数:16 ステップ数:22,0.4,0.9,0.3,16,22
ε:0.80 α:0.50 γ:0.40 学習回数:16 ステップ数:22,0.8,0.5,0.4,16,22
ε:0.60 α:0.80 γ:0.20 学習回数:16 ステップ数:22,0.6,0.8,0.2,16,22
ε:0.80 α:0.90 γ:0.30 学習回数:16 ステップ数:22,0.8,0.9,0.3,16,22
ε:0.90 α:0.80 γ:0.70 学習回数:16 ステップ数:22,0.9,0.8,0.7,16,22
ε:0.60 α:0.50 γ:0.20 学習回数:16 ステップ数:22,0.6,0.5,0.2,16,22
ε:0.70 α:0.40 γ:0.60 学習回数:16 ステップ数:22,0.7,0.4,0.6,16,22
ε:0.50 α:0.70 γ:0.70 学習回数:16 ステップ数:22,0.5,0.7,0.7,16,22
ε:0.40 α:0.60 γ:0.70 学習回数:17 ステップ数:22,0.4,0.6,0.7,17,22
ε:0.70 α:0.20 γ:0.80 学習回数:17 ステップ数:22,0.7,0.2,0.8,17,22
ε:0.70 α:0.30 γ:0.30 学習回数:17 ステップ数:22,0.7,0.3,0.3,17,22
ε:0.90 α:0.30 γ:0.70 学習回数:17 ステップ数:22,0.9,0.3,0.7,17,22
ε:0.30 α:0.60 γ:0.50 学習回数:17 ステップ数:22,0.3,0.6,0.5,17,22
ε:0.60 α:0.40 γ:0.20 学習回数:17 ステップ数:22,0.6,0.4,0.2,17,22
ε:0.90 α:0.20 γ:0.60 学習回数:17 ステップ数:22,0.9,0.2,0.6,17,22
ε:0.90 α:0.10 γ:0.60 学習回数:17 ステップ数:22,0.9,0.1,0.6,17,22
ε:0.80 α:0.90 γ:0.40 学習回数:17 ステップ数:22,0.8,0.9,0.4,17,22
ε:0.30 α:0.50 γ:0.90 学習回数:17 ステップ数:22,0.3,0.5,0.9,17,22
ε:0.40 α:0.60 γ:0.70 学習回数:17 ステップ数:22,0.4,0.6,0.7,17,22
ε:0.40 α:0.90 γ:0.50 学習回数:17 ステップ数:22,0.4,0.9,0.5,17,22
ε:0.50 α:0.80 γ:0.80 学習回数:17 ステップ数:22,0.5,0.8,0.8,17,22
ε:0.60 α:0.60 γ:0.30 学習回数:17 ステップ数:22,0.6,0.6,0.3,17,22
ε:0.60 α:0.60 γ:0.60 学習回数:17 ステップ数:22,0.6,0.6,0.6,17,22
ε:0.90 α:0.30 γ:0.20 学習回数:17 ステップ数:22,0.9,0.3,0.2,17,22
ε:0.40 α:0.20 γ:0.90 学習回数:17 ステップ数:22,0.4,0.2,0.9,17,22
ε:0.50 α:0.30 γ:0.30 学習回数:17 ステップ数:22,0.5,0.3,0.3,17,22
ε:0.80 α:0.50 γ:0.70 学習回数:17 ステップ数:22,0.8,0.5,0.7,17,22
ε:0.80 α:0.10 γ:0.40 学習回数:17 ステップ数:22,0.8,0.1,0.4,17,22
ε:0.80 α:0.10 γ:0.80 学習回数:17 ステップ数:22,0.8,0.1,0.8,17,22
ε:0.60 α:0.60 γ:0.10 学習回数:17 ステップ数:22,0.6,0.6,0.1,17,22
ε:0.30 α:0.40 γ:0.30 学習回数:17 ステップ数:22,0.3,0.4,0.3,17,22
ε:0.70 α:0.10 γ:0.50 学習回数:17 ステップ数:22,0.7,0.1,0.5,17,22
ε:0.30 α:0.10 γ:0.50 学習回数:17 ステップ数:22,0.3,0.1,0.5,17,22
ε:0.60 α:0.40 γ:0.20 学習回数:17 ステップ数:22,0.6,0.4,0.2,17,22
ε:0.60 α:0.30 γ:0.20 学習回数:17 ステップ数:22,0.6,0.3,0.2,17,22
ε:0.60 α:0.80 γ:0.70 学習回数:17 ステップ数:22,0.6,0.8,0.7,17,22
ε:0.30 α:0.60 γ:0.60 学習回数:17 ステップ数:22,0.3,0.6,0.6,17,22
ε:0.70 α:0.70 γ:0.80 学習回数:17 ステップ数:22,0.7,0.7,0.8,17,22
ε:0.50 α:0.20 γ:0.20 学習回数:17 ステップ数:22,0.5,0.2,0.2,17,22
ε:0.80 α:0.40 γ:0.10 学習回数:17 ステップ数:22,0.8,0.4,0.1,17,22
ε:0.40 α:0.50 γ:0.90 学習回数:17 ステップ数:22,0.4,0.5,0.9,17,22
ε:0.50 α:0.50 γ:0.70 学習回数:17 ステップ数:22,0.5,0.5,0.7,17,22
ε:0.50 α:0.40 γ:0.70 学習回数:17 ステップ数:22,0.5,0.4,0.7,17,22
ε:0.90 α:0.90 γ:0.70 学習回数:17 ステップ数:22,0.9,0.9,0.7,17,22
ε:0.50 α:0.30 γ:0.70 学習回数:18 ステップ数:22,0.5,0.3,0.7,18,22
ε:0.80 α:0.20 γ:0.80 学習回数:18 ステップ数:22,0.8,0.2,0.8,18,22
ε:0.80 α:0.20 γ:0.90 学習回数:18 ステップ数:22,0.8,0.2,0.9,18,22
ε:0.80 α:0.20 γ:0.40 学習回数:18 ステップ数:22,0.8,0.2,0.4,18,22
ε:0.70 α:0.30 γ:0.40 学習回数:18 ステップ数:22,0.7,0.3,0.4,18,22
ε:0.50 α:0.50 γ:0.20 学習回数:18 ステップ数:22,0.5,0.5,0.2,18,22
ε:0.90 α:0.30 γ:0.70 学習回数:18 ステップ数:22,0.9,0.3,0.7,18,22
ε:0.40 α:0.60 γ:0.60 学習回数:18 ステップ数:22,0.4,0.6,0.6,18,22
ε:0.50 α:0.70 γ:0.10 学習回数:18 ステップ数:22,0.5,0.7,0.1,18,22
ε:0.50 α:0.70 γ:0.20 学習回数:18 ステップ数:22,0.5,0.7,0.2,18,22
ε:0.40 α:0.30 γ:0.40 学習回数:18 ステップ数:22,0.4,0.3,0.4,18,22
ε:0.30 α:0.90 γ:0.60 学習回数:18 ステップ数:22,0.3,0.9,0.6,18,22
ε:0.50 α:0.70 γ:0.50 学習回数:18 ステップ数:22,0.5,0.7,0.5,18,22
ε:0.50 α:0.90 γ:0.90 学習回数:18 ステップ数:22,0.5,0.9,0.9,18,22
ε:0.50 α:0.60 γ:0.20 学習回数:18 ステップ数:22,0.5,0.6,0.2,18,22
ε:0.50 α:0.90 γ:0.10 学習回数:18 ステップ数:22,0.5,0.9,0.1,18,22
ε:0.40 α:0.50 γ:0.10 学習回数:18 ステップ数:22,0.4,0.5,0.1,18,22
ε:0.60 α:0.80 γ:0.70 学習回数:18 ステップ数:22,0.6,0.8,0.7,18,22
ε:0.90 α:0.40 γ:0.10 学習回数:18 ステップ数:22,0.9,0.4,0.1,18,22
ε:0.40 α:0.50 γ:0.20 学習回数:18 ステップ数:22,0.4,0.5,0.2,18,22
ε:0.60 α:0.60 γ:0.80 学習回数:18 ステップ数:22,0.6,0.6,0.8,18,22
ε:0.90 α:0.40 γ:0.30 学習回数:18 ステップ数:22,0.9,0.4,0.3,18,22
ε:0.60 α:0.50 γ:0.10 学習回数:18 ステップ数:22,0.6,0.5,0.1,18,22
ε:0.60 α:0.60 γ:0.50 学習回数:18 ステップ数:22,0.6,0.6,0.5,18,22
ε:0.70 α:0.20 γ:0.40 学習回数:18 ステップ数:22,0.7,0.2,0.4,18,22
ε:0.70 α:0.20 γ:0.50 学習回数:18 ステップ数:22,0.7,0.2,0.5,18,22
ε:0.90 α:0.10 γ:0.80 学習回数:18 ステップ数:22,0.9,0.1,0.8,18,22
ε:0.40 α:0.60 γ:0.60 学習回数:18 ステップ数:22,0.4,0.6,0.6,18,22
ε:0.80 α:0.80 γ:0.50 学習回数:18 ステップ数:22,0.8,0.8,0.5,18,22
ε:0.80 α:0.70 γ:0.50 学習回数:18 ステップ数:22,0.8,0.7,0.5,18,22
ε:0.80 α:0.70 γ:0.80 学習回数:18 ステップ数:22,0.8,0.7,0.8,18,22
ε:0.60 α:0.70 γ:0.10 学習回数:18 ステップ数:22,0.6,0.7,0.1,18,22
ε:0.90 α:0.80 γ:0.20 学習回数:18 ステップ数:22,0.9,0.8,0.2,18,22
ε:0.90 α:0.60 γ:0.10 学習回数:18 ステップ数:22,0.9,0.6,0.1,18,22
ε:0.80 α:0.30 γ:0.60 学習回数:18 ステップ数:22,0.8,0.3,0.6,18,22
ε:0.60 α:0.50 γ:0.30 学習回数:18 ステップ数:22,0.6,0.5,0.3,18,22
ε:0.80 α:0.20 γ:0.80 学習回数:18 ステップ数:22,0.8,0.2,0.8,18,22
ε:0.80 α:0.10 γ:0.90 学習回数:18 ステップ数:22,0.8,0.1,0.9,18,22
ε:0.60 α:0.10 γ:0.90 学習回数:18 ステップ数:22,0.6,0.1,0.9,18,22
ε:0.50 α:0.20 γ:0.80 学習回数:19 ステップ数:22,0.5,0.2,0.8,19,22
ε:0.60 α:0.20 γ:0.10 学習回数:19 ステップ数:22,0.6,0.2,0.1,19,22
ε:0.90 α:0.20 γ:0.70 学習回数:19 ステップ数:22,0.9,0.2,0.7,19,22
ε:0.50 α:0.80 γ:0.30 学習回数:19 ステップ数:22,0.5,0.8,0.3,19,22
ε:0.60 α:0.50 γ:0.40 学習回数:19 ステップ数:22,0.6,0.5,0.4,19,22
ε:0.50 α:0.90 γ:0.90 学習回数:19 ステップ数:22,0.5,0.9,0.9,19,22
ε:0.80 α:0.40 γ:0.10 学習回数:19 ステップ数:22,0.8,0.4,0.1,19,22
ε:0.80 α:0.60 γ:0.40 学習回数:19 ステップ数:22,0.8,0.6,0.4,19,22
ε:0.90 α:0.50 γ:0.40 学習回数:19 ステップ数:22,0.9,0.5,0.4,19,22
ε:0.90 α:0.40 γ:0.90 学習回数:19 ステップ数:22,0.9,0.4,0.9,19,22
ε:0.40 α:0.70 γ:0.30 学習回数:19 ステップ数:22,0.4,0.7,0.3,19,22
ε:0.50 α:0.30 γ:0.90 学習回数:19 ステップ数:22,0.5,0.3,0.9,19,22
ε:0.40 α:0.10 γ:0.90 学習回数:19 ステップ数:22,0.4,0.1,0.9,19,22
ε:0.60 α:0.20 γ:0.60 学習回数:19 ステップ数:22,0.6,0.2,0.6,19,22
ε:0.60 α:0.20 γ:0.20 学習回数:19 ステップ数:22,0.6,0.2,0.2,19,22
ε:0.30 α:0.40 γ:0.90 学習回数:19 ステップ数:22,0.3,0.4,0.9,19,22
ε:0.70 α:0.30 γ:0.60 学習回数:19 ステップ数:22,0.7,0.3,0.6,19,22
ε:0.40 α:0.30 γ:0.70 学習回数:19 ステップ数:22,0.4,0.3,0.7,19,22
ε:0.70 α:0.40 γ:0.20 学習回数:19 ステップ数:22,0.7,0.4,0.2,19,22
ε:0.40 α:0.30 γ:0.80 学習回数:20 ステップ数:22,0.4,0.3,0.8,20,22
ε:0.40 α:0.90 γ:0.60 学習回数:20 ステップ数:22,0.4,0.9,0.6,20,22
ε:0.90 α:0.30 γ:0.40 学習回数:20 ステップ数:22,0.9,0.3,0.4,20,22
ε:0.50 α:0.10 γ:0.90 学習回数:20 ステップ数:22,0.5,0.1,0.9,20,22
ε:0.60 α:0.30 γ:0.60 学習回数:20 ステップ数:22,0.6,0.3,0.6,20,22
ε:0.30 α:0.90 γ:0.70 学習回数:20 ステップ数:22,0.3,0.9,0.7,20,22
ε:0.70 α:0.30 γ:0.10 学習回数:20 ステップ数:22,0.7,0.3,0.1,20,22
ε:0.50 α:0.20 γ:0.60 学習回数:20 ステップ数:22,0.5,0.2,0.6,20,22
ε:0.40 α:0.70 γ:0.50 学習回数:20 ステップ数:22,0.4,0.7,0.5,20,22
ε:0.40 α:0.50 γ:0.40 学習回数:20 ステップ数:22,0.4,0.5,0.4,20,22
ε:0.80 α:0.30 γ:0.20 学習回数:20 ステップ数:22,0.8,0.3,0.2,20,22
ε:0.50 α:0.40 γ:0.30 学習回数:20 ステップ数:22,0.5,0.4,0.3,20,22
ε:0.60 α:0.40 γ:0.90 学習回数:20 ステップ数:22,0.6,0.4,0.9,20,22
ε:0.70 α:0.40 γ:0.10 学習回数:20 ステップ数:22,0.7,0.4,0.1,20,22
ε:0.40 α:0.50 γ:0.70 学習回数:20 ステップ数:22,0.4,0.5,0.7,20,22
ε:0.70 α:0.50 γ:0.60 学習回数:20 ステップ数:22,0.7,0.5,0.6,20,22
ε:0.70 α:0.30 γ:0.50 学習回数:20 ステップ数:22,0.7,0.3,0.5,20,22
ε:0.60 α:0.40 γ:0.40 学習回数:20 ステップ数:22,0.6,0.4,0.4,20,22
ε:0.70 α:0.70 γ:0.40 学習回数:20 ステップ数:22,0.7,0.7,0.4,20,22
ε:0.70 α:0.20 γ:0.40 学習回数:21 ステップ数:22,0.7,0.2,0.4,21,22
ε:0.70 α:0.30 γ:0.20 学習回数:21 ステップ数:22,0.7,0.3,0.2,21,22
ε:0.30 α:0.20 γ:0.30 学習回数:21 ステップ数:22,0.3,0.2,0.3,21,22
ε:0.60 α:0.40 γ:0.70 学習回数:21 ステップ数:22,0.6,0.4,0.7,21,22
ε:0.70 α:0.30 γ:0.30 学習回数:21 ステップ数:22,0.7,0.3,0.3,21,22
ε:0.70 α:0.30 γ:0.50 学習回数:21 ステップ数:22,0.7,0.3,0.5,21,22
ε:0.50 α:0.70 γ:0.60 学習回数:21 ステップ数:22,0.5,0.7,0.6,21,22
ε:0.30 α:0.70 γ:0.40 学習回数:21 ステップ数:22,0.3,0.7,0.4,21,22
ε:0.70 α:0.20 γ:0.50 学習回数:21 ステップ数:22,0.7,0.2,0.5,21,22
ε:0.60 α:0.80 γ:0.40 学習回数:21 ステップ数:22,0.6,0.8,0.4,21,22
ε:0.80 α:0.20 γ:0.60 学習回数:21 ステップ数:22,0.8,0.2,0.6,21,22
ε:0.80 α:0.60 γ:0.10 学習回数:21 ステップ数:22,0.8,0.6,0.1,21,22
ε:0.80 α:0.10 γ:0.70 学習回数:21 ステップ数:22,0.8,0.1,0.7,21,22
ε:0.90 α:0.60 γ:0.20 学習回数:21 ステップ数:22,0.9,0.6,0.2,21,22
ε:0.90 α:0.10 γ:0.70 学習回数:21 ステップ数:22,0.9,0.1,0.7,21,22
ε:0.60 α:0.20 γ:0.70 学習回数:21 ステップ数:22,0.6,0.2,0.7,21,22
ε:0.60 α:0.20 γ:0.40 学習回数:21 ステップ数:22,0.6,0.2,0.4,21,22
ε:0.70 α:0.20 γ:0.60 学習回数:21 ステップ数:22,0.7,0.2,0.6,21,22
ε:0.20 α:0.10 γ:0.60 学習回数:21 ステップ数:22,0.2,0.1,0.6,21,22
ε:0.70 α:0.40 γ:0.30 学習回数:21 ステップ数:22,0.7,0.4,0.3,21,22
ε:0.60 α:0.40 γ:0.30 学習回数:21 ステップ数:22,0.6,0.4,0.3,21,22
ε:0.80 α:0.20 γ:0.60 学習回数:21 ステップ数:22,0.8,0.2,0.6,21,22
ε:0.40 α:0.20 γ:0.30 学習回数:21 ステップ数:22,0.4,0.2,0.3,21,22
ε:0.60 α:0.10 γ:0.60 学習回数:22 ステップ数:22,0.6,0.1,0.6,22,22
ε:0.20 α:0.20 γ:0.30 学習回数:22 ステップ数:22,0.2,0.2,0.3,22,22
ε:0.70 α:0.50 γ:0.20 学習回数:22 ステップ数:22,0.7,0.5,0.2,22,22
ε:0.30 α:0.10 γ:0.90 学習回数:22 ステップ数:22,0.3,0.1,0.9,22,22
ε:0.60 α:0.60 γ:0.90 学習回数:22 ステップ数:22,0.6,0.6,0.9,22,22
ε:0.90 α:0.30 γ:0.30 学習回数:22 ステップ数:22,0.9,0.3,0.3,22,22
ε:0.30 α:0.70 γ:0.20 学習回数:22 ステップ数:22,0.3,0.7,0.2,22,22
ε:0.70 α:0.90 γ:0.70 学習回数:22 ステップ数:22,0.7,0.9,0.7,22,22
ε:0.40 α:0.10 γ:0.50 学習回数:22 ステップ数:22,0.4,0.1,0.5,22,22
ε:0.90 α:0.10 γ:0.70 学習回数:22 ステップ数:22,0.9,0.1,0.7,22,22
ε:0.80 α:0.70 γ:0.50 学習回数:22 ステップ数:22,0.8,0.7,0.5,22,22
ε:0.80 α:0.20 γ:0.50 学習回数:22 ステップ数:22,0.8,0.2,0.5,22,22
ε:0.70 α:0.70 γ:0.50 学習回数:22 ステップ数:22,0.7,0.7,0.5,22,22
ε:0.30 α:0.40 γ:0.40 学習回数:22 ステップ数:22,0.3,0.4,0.4,22,22
ε:0.40 α:0.30 γ:0.60 学習回数:22 ステップ数:22,0.4,0.3,0.6,22,22
ε:0.90 α:0.40 γ:0.20 学習回数:22 ステップ数:22,0.9,0.4,0.2,22,22
ε:0.40 α:0.70 γ:0.70 学習回数:22 ステップ数:22,0.4,0.7,0.7,22,22
ε:0.40 α:0.70 γ:0.40 学習回数:22 ステップ数:22,0.4,0.7,0.4,22,22
ε:0.40 α:0.70 γ:0.40 学習回数:22 ステップ数:22,0.4,0.7,0.4,22,22
ε:0.40 α:0.40 γ:0.10 学習回数:23 ステップ数:22,0.4,0.4,0.1,23,22
ε:0.50 α:0.20 γ:0.90 学習回数:23 ステップ数:22,0.5,0.2,0.9,23,22
ε:0.90 α:0.20 γ:0.80 学習回数:23 ステップ数:22,0.9,0.2,0.8,23,22
ε:0.90 α:0.40 γ:0.10 学習回数:23 ステップ数:22,0.9,0.4,0.1,23,22
ε:0.50 α:0.40 γ:0.60 学習回数:23 ステップ数:22,0.5,0.4,0.6,23,22
ε:0.40 α:0.30 γ:0.70 学習回数:23 ステップ数:22,0.4,0.3,0.7,23,22
ε:0.40 α:0.50 γ:0.40 学習回数:23 ステップ数:22,0.4,0.5,0.4,23,22
ε:0.60 α:0.40 γ:0.30 学習回数:23 ステップ数:22,0.6,0.4,0.3,23,22
ε:0.40 α:0.40 γ:0.40 学習回数:23 ステップ数:22,0.4,0.4,0.4,23,22
ε:0.50 α:0.30 γ:0.40 学習回数:23 ステップ数:22,0.5,0.3,0.4,23,22
ε:0.60 α:0.20 γ:0.70 学習回数:23 ステップ数:22,0.6,0.2,0.7,23,22
ε:0.70 α:0.10 γ:0.70 学習回数:23 ステップ数:22,0.7,0.1,0.7,23,22
ε:0.60 α:0.30 γ:0.70 学習回数:23 ステップ数:22,0.6,0.3,0.7,23,22
ε:0.50 α:0.90 γ:0.70 学習回数:23 ステップ数:22,0.5,0.9,0.7,23,22
ε:0.80 α:0.70 γ:0.30 学習回数:23 ステップ数:22,0.8,0.7,0.3,23,22
ε:0.60 α:0.70 γ:0.80 学習回数:23 ステップ数:22,0.6,0.7,0.8,23,22
ε:0.50 α:0.80 γ:0.60 学習回数:23 ステップ数:22,0.5,0.8,0.6,23,22
ε:0.80 α:0.20 γ:0.70 学習回数:23 ステップ数:22,0.8,0.2,0.7,23,22
ε:0.70 α:0.10 γ:0.80 学習回数:23 ステップ数:22,0.7,0.1,0.8,23,22
ε:0.30 α:0.90 γ:0.50 学習回数:23 ステップ数:22,0.3,0.9,0.5,23,22
ε:0.30 α:0.30 γ:0.20 学習回数:23 ステップ数:22,0.3,0.3,0.2,23,22
ε:0.40 α:0.20 γ:0.50 学習回数:24 ステップ数:22,0.4,0.2,0.5,24,22
ε:0.90 α:0.30 γ:0.30 学習回数:24 ステップ数:22,0.9,0.3,0.3,24,22
ε:0.80 α:0.80 γ:0.50 学習回数:24 ステップ数:22,0.8,0.8,0.5,24,22
ε:0.80 α:0.90 γ:0.20 学習回数:24 ステップ数:22,0.8,0.9,0.2,24,22
ε:0.30 α:0.60 γ:0.70 学習回数:24 ステップ数:22,0.3,0.6,0.7,24,22
ε:0.30 α:0.50 γ:0.50 学習回数:24 ステップ数:22,0.3,0.5,0.5,24,22
ε:0.20 α:0.40 γ:0.70 学習回数:24 ステップ数:22,0.2,0.4,0.7,24,22
ε:0.40 α:0.40 γ:0.20 学習回数:24 ステップ数:22,0.4,0.4,0.2,24,22
ε:0.40 α:0.50 γ:0.10 学習回数:24 ステップ数:22,0.4,0.5,0.1,24,22
ε:0.50 α:0.40 γ:0.80 学習回数:24 ステップ数:22,0.5,0.4,0.8,24,22
ε:0.90 α:0.20 γ:0.50 学習回数:24 ステップ数:22,0.9,0.2,0.5,24,22
ε:0.60 α:0.30 γ:0.60 学習回数:24 ステップ数:22,0.6,0.3,0.6,24,22
ε:0.90 α:0.20 γ:0.40 学習回数:24 ステップ数:22,0.9,0.2,0.4,24,22
ε:0.70 α:0.40 γ:0.60 学習回数:24 ステップ数:22,0.7,0.4,0.6,24,22
ε:0.80 α:0.90 γ:0.40 学習回数:24 ステップ数:22,0.8,0.9,0.4,24,22
ε:0.60 α:0.20 γ:0.20 学習回数:24 ステップ数:22,0.6,0.2,0.2,24,22
ε:0.70 α:0.10 γ:0.90 学習回数:24 ステップ数:22,0.7,0.1,0.9,24,22
ε:0.50 α:0.30 γ:0.90 学習回数:24 ステップ数:22,0.5,0.3,0.9,24,22
ε:0.30 α:0.60 γ:0.20 学習回数:24 ステップ数:22,0.3,0.6,0.2,24,22
ε:0.70 α:0.20 γ:0.20 学習回数:24 ステップ数:22,0.7,0.2,0.2,24,22
ε:0.50 α:0.10 γ:0.40 学習回数:24 ステップ数:22,0.5,0.1,0.4,24,22
ε:0.30 α:0.80 γ:0.30 学習回数:24 ステップ数:22,0.3,0.8,0.3,24,22
ε:0.40 α:0.50 γ:0.80 学習回数:24 ステップ数:22,0.4,0.5,0.8,24,22
ε:0.90 α:0.20 γ:0.30 学習回数:24 ステップ数:22,0.9,0.2,0.3,24,22
ε:0.20 α:0.80 γ:0.20 学習回数:25 ステップ数:22,0.2,0.8,0.2,25,22
ε:0.40 α:0.70 γ:0.60 学習回数:25 ステップ数:22,0.4,0.7,0.6,25,22
ε:0.70 α:0.20 γ:0.90 学習回数:25 ステップ数:22,0.7,0.2,0.9,25,22
ε:0.60 α:0.10 γ:0.80 学習回数:25 ステップ数:22,0.6,0.1,0.8,25,22
ε:0.60 α:0.20 γ:0.50 学習回数:25 ステップ数:22,0.6,0.2,0.5,25,22
ε:0.60 α:0.20 γ:0.90 学習回数:25 ステップ数:22,0.6,0.2,0.9,25,22
ε:0.50 α:0.60 γ:0.40 学習回数:25 ステップ数:22,0.5,0.6,0.4,25,22
ε:0.70 α:0.50 γ:0.50 学習回数:25 ステップ数:22,0.7,0.5,0.5,25,22
ε:0.50 α:0.10 γ:0.60 学習回数:25 ステップ数:22,0.5,0.1,0.6,25,22
ε:0.80 α:0.40 γ:0.30 学習回数:25 ステップ数:22,0.8,0.4,0.3,25,22
ε:0.80 α:0.30 γ:0.70 学習回数:25 ステップ数:22,0.8,0.3,0.7,25,22
ε:0.80 α:0.50 γ:0.90 学習回数:25 ステップ数:22,0.8,0.5,0.9,25,22
ε:0.40 α:0.60 γ:0.10 学習回数:25 ステップ数:22,0.4,0.6,0.1,25,22
ε:0.70 α:0.20 γ:0.30 学習回数:25 ステップ数:22,0.7,0.2,0.3,25,22
ε:0.40 α:0.30 γ:0.30 学習回数:25 ステップ数:22,0.4,0.3,0.3,25,22
ε:0.70 α:0.30 γ:0.60 学習回数:25 ステップ数:22,0.7,0.3,0.6,25,22
ε:0.40 α:0.20 γ:0.80 学習回数:25 ステップ数:22,0.4,0.2,0.8,25,22
ε:0.50 α:0.40 γ:0.60 学習回数:25 ステップ数:22,0.5,0.4,0.6,25,22
ε:0.90 α:0.20 γ:0.60 学習回数:25 ステップ数:22,0.9,0.2,0.6,25,22
ε:0.30 α:0.40 γ:0.10 学習回数:25 ステップ数:22,0.3,0.4,0.1,25,22
ε:0.40 α:0.90 γ:0.20 学習回数:26 ステップ数:22,0.4,0.9,0.2,26,22
ε:0.40 α:0.20 γ:0.40 学習回数:26 ステップ数:22,0.4,0.2,0.4,26,22
ε:0.60 α:0.30 γ:0.10 学習回数:26 ステップ数:22,0.6,0.3,0.1,26,22
ε:0.80 α:0.80 γ:0.60 学習回数:26 ステップ数:22,0.8,0.8,0.6,26,22
ε:0.40 α:0.70 γ:0.30 学習回数:26 ステップ数:22,0.4,0.7,0.3,26,22
ε:0.80 α:0.20 γ:0.10 学習回数:26 ステップ数:22,0.8,0.2,0.1,26,22
ε:0.40 α:0.30 γ:0.30 学習回数:26 ステップ数:22,0.4,0.3,0.3,26,22
ε:0.90 α:0.70 γ:0.30 学習回数:26 ステップ数:22,0.9,0.7,0.3,26,22
ε:0.20 α:0.80 γ:0.80 学習回数:27 ステップ数:22,0.2,0.8,0.8,27,22
ε:0.20 α:0.80 γ:0.90 学習回数:27 ステップ数:22,0.2,0.8,0.9,27,22
ε:0.70 α:0.60 γ:0.40 学習回数:27 ステップ数:22,0.7,0.6,0.4,27,22
ε:0.40 α:0.80 γ:0.20 学習回数:27 ステップ数:22,0.4,0.8,0.2,27,22
ε:0.50 α:0.20 γ:0.70 学習回数:27 ステップ数:22,0.5,0.2,0.7,27,22
ε:0.50 α:0.90 γ:0.60 学習回数:27 ステップ数:22,0.5,0.9,0.6,27,22
ε:0.30 α:0.40 γ:0.20 学習回数:27 ステップ数:22,0.3,0.4,0.2,27,22
ε:0.90 α:0.50 γ:0.10 学習回数:27 ステップ数:22,0.9,0.5,0.1,27,22
ε:0.40 α:0.40 γ:0.30 学習回数:27 ステップ数:22,0.4,0.4,0.3,27,22
ε:0.80 α:0.10 γ:0.60 学習回数:27 ステップ数:22,0.8,0.1,0.6,27,22
ε:0.60 α:0.30 γ:0.50 学習回数:27 ステップ数:22,0.6,0.3,0.5,27,22
ε:0.80 α:0.30 γ:0.10 学習回数:27 ステップ数:22,0.8,0.3,0.1,27,22
ε:0.60 α:0.20 γ:0.30 学習回数:27 ステップ数:22,0.6,0.2,0.3,27,22
ε:0.70 α:0.60 γ:0.20 学習回数:28 ステップ数:22,0.7,0.6,0.2,28,22
ε:0.50 α:0.10 γ:0.50 学習回数:28 ステップ数:22,0.5,0.1,0.5,28,22
ε:0.50 α:0.30 γ:0.70 学習回数:28 ステップ数:22,0.5,0.3,0.7,28,22
ε:0.90 α:0.10 γ:0.30 学習回数:28 ステップ数:22,0.9,0.1,0.3,28,22
ε:0.50 α:0.50 γ:0.90 学習回数:28 ステップ数:22,0.5,0.5,0.9,28,22
ε:0.70 α:0.10 γ:0.30 学習回数:28 ステップ数:22,0.7,0.1,0.3,28,22
ε:0.60 α:0.30 γ:0.20 学習回数:28 ステップ数:22,0.6,0.3,0.2,28,22
ε:0.60 α:0.50 γ:0.70 学習回数:28 ステップ数:22,0.6,0.5,0.7,28,22
ε:0.80 α:0.20 γ:0.20 学習回数:28 ステップ数:22,0.8,0.2,0.2,28,22
ε:0.80 α:0.20 γ:0.50 学習回数:28 ステップ数:22,0.8,0.2,0.5,28,22
ε:0.50 α:0.20 γ:0.40 学習回数:28 ステップ数:22,0.5,0.2,0.4,28,22
ε:0.40 α:0.70 γ:0.20 学習回数:28 ステップ数:22,0.4,0.7,0.2,28,22
ε:0.50 α:0.20 γ:0.50 学習回数:28 ステップ数:22,0.5,0.2,0.5,28,22
ε:0.50 α:0.80 γ:0.70 学習回数:29 ステップ数:22,0.5,0.8,0.7,29,22
ε:0.60 α:0.10 γ:0.50 学習回数:29 ステップ数:22,0.6,0.1,0.5,29,22
ε:0.80 α:0.50 γ:0.20 学習回数:29 ステップ数:22,0.8,0.5,0.2,29,22
ε:0.60 α:0.30 γ:0.40 学習回数:29 ステップ数:22,0.6,0.3,0.4,29,22
ε:0.80 α:0.90 γ:0.30 学習回数:29 ステップ数:22,0.8,0.9,0.3,29,22
ε:0.70 α:0.20 γ:0.20 学習回数:29 ステップ数:22,0.7,0.2,0.2,29,22
ε:0.20 α:0.30 γ:0.40 学習回数:29 ステップ数:22,0.2,0.3,0.4,29,22
ε:0.30 α:0.80 γ:0.20 学習回数:29 ステップ数:22,0.3,0.8,0.2,29,22
ε:0.50 α:0.30 γ:0.20 学習回数:29 ステップ数:22,0.5,0.3,0.2,29,22
ε:0.50 α:0.30 γ:0.40 学習回数:29 ステップ数:22,0.5,0.3,0.4,29,22
ε:0.40 α:0.90 γ:0.10 学習回数:29 ステップ数:22,0.4,0.9,0.1,29,22
ε:0.40 α:0.80 γ:0.60 学習回数:29 ステップ数:22,0.4,0.8,0.6,29,22
ε:0.70 α:0.20 γ:0.70 学習回数:29 ステップ数:22,0.7,0.2,0.7,29,22
ε:0.60 α:0.10 γ:0.40 学習回数:29 ステップ数:22,0.6,0.1,0.4,29,22
ε:0.90 α:0.10 γ:0.60 学習回数:30 ステップ数:22,0.9,0.1,0.6,30,22
ε:0.30 α:0.60 γ:0.70 学習回数:30 ステップ数:22,0.3,0.6,0.7,30,22
ε:0.50 α:0.80 γ:0.10 学習回数:30 ステップ数:22,0.5,0.8,0.1,30,22
ε:0.50 α:0.90 γ:0.20 学習回数:30 ステップ数:22,0.5,0.9,0.2,30,22
ε:0.90 α:0.20 γ:0.20 学習回数:30 ステップ数:22,0.9,0.2,0.2,30,22
ε:0.40 α:0.40 γ:0.30 学習回数:30 ステップ数:22,0.4,0.4,0.3,30,22
ε:0.40 α:0.20 γ:0.70 学習回数:30 ステップ数:22,0.4,0.2,0.7,30,22
ε:0.90 α:0.20 γ:0.90 学習回数:30 ステップ数:22,0.9,0.2,0.9,30,22
ε:0.50 α:0.20 γ:0.80 学習回数:30 ステップ数:22,0.5,0.2,0.8,30,22
ε:0.50 α:0.10 γ:0.80 学習回数:30 ステップ数:22,0.5,0.1,0.8,30,22
ε:0.90 α:0.20 γ:0.10 学習回数:30 ステップ数:22,0.9,0.2,0.1,30,22
ε:0.80 α:0.30 γ:0.70 学習回数:30 ステップ数:22,0.8,0.3,0.7,30,22
ε:0.30 α:0.90 γ:0.20 学習回数:30 ステップ数:22,0.3,0.9,0.2,30,22
ε:0.80 α:0.20 γ:0.20 学習回数:30 ステップ数:22,0.8,0.2,0.2,30,22
ε:0.40 α:0.60 γ:0.40 学習回数:30 ステップ数:22,0.4,0.6,0.4,30,22
ε:0.40 α:0.70 γ:0.80 学習回数:30 ステップ数:22,0.4,0.7,0.8,30,22
ε:0.50 α:0.10 γ:0.60 学習回数:31 ステップ数:22,0.5,0.1,0.6,31,22
ε:0.50 α:0.10 γ:0.70 学習回数:31 ステップ数:22,0.5,0.1,0.7,31,22
ε:0.10 α:0.60 γ:0.10 学習回数:31 ステップ数:22,0.1,0.6,0.1,31,22
ε:0.40 α:0.50 γ:0.90 学習回数:31 ステップ数:22,0.4,0.5,0.9,31,22
ε:0.30 α:0.20 γ:0.30 学習回数:31 ステップ数:22,0.3,0.2,0.3,31,22
ε:0.40 α:0.80 γ:0.10 学習回数:31 ステップ数:22,0.4,0.8,0.1,31,22
ε:0.80 α:0.20 γ:0.10 学習回数:31 ステップ数:22,0.8,0.2,0.1,31,22
ε:0.60 α:0.30 γ:0.30 学習回数:31 ステップ数:22,0.6,0.3,0.3,31,22
ε:0.90 α:0.20 γ:0.20 学習回数:31 ステップ数:22,0.9,0.2,0.2,31,22
ε:0.60 α:0.60 γ:0.30 学習回数:31 ステップ数:22,0.6,0.6,0.3,31,22
ε:0.50 α:0.20 γ:0.70 学習回数:31 ステップ数:22,0.5,0.2,0.7,31,22
ε:0.80 α:0.10 γ:0.30 学習回数:31 ステップ数:22,0.8,0.1,0.3,31,22
ε:0.50 α:0.20 γ:0.40 学習回数:31 ステップ数:22,0.5,0.2,0.4,31,22
ε:0.90 α:0.20 γ:0.70 学習回数:31 ステップ数:22,0.9,0.2,0.7,31,22
ε:0.30 α:0.90 γ:0.30 学習回数:31 ステップ数:22,0.3,0.9,0.3,31,22
ε:0.80 α:0.70 γ:0.40 学習回数:31 ステップ数:22,0.8,0.7,0.4,31,22
ε:0.80 α:0.10 γ:0.50 学習回数:32 ステップ数:22,0.8,0.1,0.5,32,22
ε:0.40 α:0.80 γ:0.90 学習回数:32 ステップ数:22,0.4,0.8,0.9,32,22
ε:0.90 α:0.30 γ:0.10 学習回数:32 ステップ数:22,0.9,0.3,0.1,32,22
ε:0.80 α:0.20 γ:0.30 学習回数:32 ステップ数:22,0.8,0.2,0.3,32,22
ε:0.40 α:0.60 γ:0.90 学習回数:32 ステップ数:22,0.4,0.6,0.9,32,22
ε:0.90 α:0.30 γ:0.10 学習回数:32 ステップ数:22,0.9,0.3,0.1,32,22
ε:0.70 α:0.30 γ:0.10 学習回数:32 ステップ数:22,0.7,0.3,0.1,32,22
ε:0.80 α:0.70 γ:0.30 学習回数:32 ステップ数:22,0.8,0.7,0.3,32,22
ε:0.50 α:0.10 γ:0.30 学習回数:32 ステップ数:22,0.5,0.1,0.3,32,22
ε:0.70 α:0.40 γ:0.90 学習回数:32 ステップ数:22,0.7,0.4,0.9,32,22
ε:0.50 α:0.10 γ:0.70 学習回数:32 ステップ数:22,0.5,0.1,0.7,32,22
ε:0.30 α:0.30 γ:0.30 学習回数:32 ステップ数:22,0.3,0.3,0.3,32,22
ε:0.30 α:0.10 γ:0.40 学習回数:33 ステップ数:22,0.3,0.1,0.4,33,22
ε:0.60 α:0.50 γ:0.30 学習回数:33 ステップ数:22,0.6,0.5,0.3,33,22
ε:0.50 α:0.70 γ:0.90 学習回数:33 ステップ数:22,0.5,0.7,0.9,33,22
ε:0.60 α:0.10 γ:0.20 学習回数:33 ステップ数:22,0.6,0.1,0.2,33,22
ε:0.40 α:0.40 γ:0.40 学習回数:33 ステップ数:22,0.4,0.4,0.4,33,22
ε:0.90 α:0.10 γ:0.50 学習回数:33 ステップ数:22,0.9,0.1,0.5,33,22
ε:0.50 α:0.80 γ:0.20 学習回数:33 ステップ数:22,0.5,0.8,0.2,33,22
ε:0.40 α:0.10 γ:0.40 学習回数:33 ステップ数:22,0.4,0.1,0.4,33,22
ε:0.70 α:0.10 γ:0.40 学習回数:33 ステップ数:22,0.7,0.1,0.4,33,22
ε:0.50 α:0.30 γ:0.30 学習回数:33 ステップ数:22,0.5,0.3,0.3,33,22
ε:0.50 α:0.50 γ:0.40 学習回数:33 ステップ数:22,0.5,0.5,0.4,33,22
ε:0.40 α:0.50 γ:0.20 学習回数:33 ステップ数:22,0.4,0.5,0.2,33,22
ε:0.90 α:0.10 γ:0.40 学習回数:34 ステップ数:22,0.9,0.1,0.4,34,22
ε:0.70 α:0.10 γ:0.30 学習回数:34 ステップ数:22,0.7,0.1,0.3,34,22
ε:0.80 α:0.50 γ:0.30 学習回数:34 ステップ数:22,0.8,0.5,0.3,34,22
ε:0.60 α:0.60 γ:0.50 学習回数:34 ステップ数:22,0.6,0.6,0.5,34,22
ε:0.90 α:0.20 γ:0.30 学習回数:34 ステップ数:22,0.9,0.2,0.3,34,22
ε:0.90 α:0.20 γ:0.10 学習回数:34 ステップ数:22,0.9,0.2,0.1,34,22
ε:0.50 α:0.40 γ:0.50 学習回数:34 ステップ数:22,0.5,0.4,0.5,34,22
ε:0.20 α:0.70 γ:0.60 学習回数:34 ステップ数:22,0.2,0.7,0.6,34,22
ε:0.50 α:0.30 γ:0.20 学習回数:34 ステップ数:22,0.5,0.3,0.2,34,22
ε:0.30 α:0.20 γ:0.90 学習回数:34 ステップ数:22,0.3,0.2,0.9,34,22
ε:0.40 α:0.30 γ:0.20 学習回数:35 ステップ数:22,0.4,0.3,0.2,35,22
ε:0.70 α:0.10 γ:0.50 学習回数:35 ステップ数:22,0.7,0.1,0.5,35,22
ε:0.40 α:0.20 γ:0.60 学習回数:35 ステップ数:22,0.4,0.2,0.6,35,22
ε:0.50 α:0.40 γ:0.40 学習回数:35 ステップ数:22,0.5,0.4,0.4,35,22
ε:0.60 α:0.70 γ:0.60 学習回数:35 ステップ数:22,0.6,0.7,0.6,35,22
ε:0.60 α:0.30 γ:0.40 学習回数:35 ステップ数:22,0.6,0.3,0.4,35,22
ε:0.30 α:0.80 γ:0.40 学習回数:35 ステップ数:22,0.3,0.8,0.4,35,22
ε:0.90 α:0.10 γ:0.50 学習回数:36 ステップ数:22,0.9,0.1,0.5,36,22
ε:0.60 α:0.10 γ:0.80 学習回数:36 ステップ数:22,0.6,0.1,0.8,36,22
ε:0.40 α:0.30 γ:0.60 学習回数:36 ステップ数:22,0.4,0.3,0.6,36,22
ε:0.80 α:0.10 γ:0.80 学習回数:36 ステップ数:22,0.8,0.1,0.8,36,22
ε:0.80 α:0.40 γ:0.40 学習回数:36 ステップ数:22,0.8,0.4,0.4,36,22
ε:0.30 α:0.80 γ:0.80 学習回数:36 ステップ数:22,0.3,0.8,0.8,36,22
ε:0.60 α:0.30 γ:0.30 学習回数:36 ステップ数:22,0.6,0.3,0.3,36,22
ε:0.60 α:0.50 γ:0.10 学習回数:36 ステップ数:22,0.6,0.5,0.1,36,22
ε:0.70 α:0.30 γ:0.20 学習回数:36 ステップ数:22,0.7,0.3,0.2,36,22
ε:0.30 α:0.40 γ:0.70 学習回数:36 ステップ数:22,0.3,0.4,0.7,36,22
ε:0.60 α:0.70 γ:0.80 学習回数:37 ステップ数:22,0.6,0.7,0.8,37,22
ε:0.40 α:0.60 γ:0.90 学習回数:37 ステップ数:22,0.4,0.6,0.9,37,22
ε:0.30 α:0.20 γ:0.70 学習回数:37 ステップ数:22,0.3,0.2,0.7,37,22
ε:0.80 α:0.30 γ:0.80 学習回数:37 ステップ数:22,0.8,0.3,0.8,37,22
ε:0.80 α:0.40 γ:0.90 学習回数:37 ステップ数:22,0.8,0.4,0.9,37,22
ε:0.50 α:0.20 γ:0.10 学習回数:37 ステップ数:22,0.5,0.2,0.1,37,22
ε:0.50 α:0.90 γ:0.80 学習回数:37 ステップ数:22,0.5,0.9,0.8,37,22
ε:0.50 α:0.10 γ:0.90 学習回数:37 ステップ数:22,0.5,0.1,0.9,37,22
ε:0.30 α:0.90 γ:0.90 学習回数:37 ステップ数:22,0.3,0.9,0.9,37,22
ε:0.70 α:0.20 γ:0.30 学習回数:37 ステップ数:22,0.7,0.2,0.3,37,22
ε:0.70 α:0.20 γ:0.10 学習回数:37 ステップ数:22,0.7,0.2,0.1,37,22
ε:0.60 α:0.20 γ:0.10 学習回数:37 ステップ数:22,0.6,0.2,0.1,37,22
ε:0.60 α:0.10 γ:0.60 学習回数:38 ステップ数:22,0.6,0.1,0.6,38,22
ε:0.50 α:0.20 γ:0.30 学習回数:38 ステップ数:22,0.5,0.2,0.3,38,22
ε:0.50 α:0.30 γ:0.10 学習回数:38 ステップ数:22,0.5,0.3,0.1,38,22
ε:0.70 α:0.90 γ:0.10 学習回数:38 ステップ数:22,0.7,0.9,0.1,38,22
ε:0.30 α:0.40 γ:0.10 学習回数:38 ステップ数:22,0.3,0.4,0.1,38,22
ε:0.40 α:0.40 γ:0.50 学習回数:38 ステップ数:22,0.4,0.4,0.5,38,22
ε:0.50 α:0.40 γ:0.10 学習回数:38 ステップ数:22,0.5,0.4,0.1,38,22
ε:0.40 α:0.10 γ:0.60 学習回数:39 ステップ数:22,0.4,0.1,0.6,39,22
ε:0.70 α:0.20 γ:0.10 学習回数:39 ステップ数:22,0.7,0.2,0.1,39,22
ε:0.30 α:0.50 γ:0.40 学習回数:39 ステップ数:22,0.3,0.5,0.4,39,22
ε:0.40 α:0.20 γ:0.20 学習回数:39 ステップ数:22,0.4,0.2,0.2,39,22
ε:0.20 α:0.50 γ:0.40 学習回数:39 ステップ数:22,0.2,0.5,0.4,39,22
ε:0.40 α:0.30 γ:0.80 学習回数:39 ステップ数:22,0.4,0.3,0.8,39,22
ε:0.80 α:0.20 γ:0.40 学習回数:39 ステップ数:22,0.8,0.2,0.4,39,22
ε:0.40 α:0.20 γ:0.10 学習回数:39 ステップ数:22,0.4,0.2,0.1,39,22
ε:0.30 α:0.80 γ:0.10 学習回数:39 ステップ数:22,0.3,0.8,0.1,39,22
ε:0.30 α:0.60 γ:0.80 学習回数:39 ステップ数:22,0.3,0.6,0.8,39,22
ε:0.40 α:0.20 γ:0.80 学習回数:40 ステップ数:22,0.4,0.2,0.8,40,22
ε:0.40 α:0.40 γ:0.90 学習回数:40 ステップ数:22,0.4,0.4,0.9,40,22
ε:0.30 α:0.50 γ:0.30 学習回数:40 ステップ数:22,0.3,0.5,0.3,40,22
ε:0.90 α:0.10 γ:0.30 学習回数:40 ステップ数:22,0.9,0.1,0.3,40,22
ε:0.40 α:0.70 γ:0.10 学習回数:41 ステップ数:22,0.4,0.7,0.1,41,22
ε:0.50 α:0.20 γ:0.60 学習回数:41 ステップ数:22,0.5,0.2,0.6,41,22
ε:0.30 α:0.80 γ:0.50 学習回数:41 ステップ数:22,0.3,0.8,0.5,41,22
ε:0.90 α:0.10 γ:0.40 学習回数:41 ステップ数:22,0.9,0.1,0.4,41,22
ε:0.50 α:0.30 γ:0.60 学習回数:42 ステップ数:22,0.5,0.3,0.6,42,22
ε:0.30 α:0.80 γ:0.80 学習回数:42 ステップ数:22,0.3,0.8,0.8,42,22
ε:0.70 α:0.10 γ:0.70 学習回数:42 ステップ数:22,0.7,0.1,0.7,42,22
ε:0.50 α:0.30 γ:0.10 学習回数:42 ステップ数:22,0.5,0.3,0.1,42,22
ε:0.90 α:0.10 γ:0.20 学習回数:42 ステップ数:22,0.9,0.1,0.2,42,22
ε:0.40 α:0.90 γ:0.40 学習回数:43 ステップ数:22,0.4,0.9,0.4,43,22
ε:0.50 α:0.40 γ:0.10 学習回数:43 ステップ数:22,0.5,0.4,0.1,43,22
ε:0.40 α:0.80 γ:0.40 学習回数:43 ステップ数:22,0.4,0.8,0.4,43,22
ε:0.60 α:0.10 γ:0.90 学習回数:43 ステップ数:22,0.6,0.1,0.9,43,22
ε:0.30 α:0.80 γ:0.60 学習回数:43 ステップ数:22,0.3,0.8,0.6,43,22
ε:0.40 α:0.40 γ:0.70 学習回数:43 ステップ数:22,0.4,0.4,0.7,43,22
ε:0.70 α:0.30 γ:0.40 学習回数:44 ステップ数:22,0.7,0.3,0.4,44,22
ε:0.40 α:0.10 γ:0.70 学習回数:44 ステップ数:22,0.4,0.1,0.7,44,22
ε:0.50 α:0.60 γ:0.20 学習回数:44 ステップ数:22,0.5,0.6,0.2,44,22
ε:0.50 α:0.10 γ:0.30 学習回数:44 ステップ数:22,0.5,0.1,0.3,44,22
ε:0.50 α:0.50 γ:0.10 学習回数:44 ステップ数:22,0.5,0.5,0.1,44,22
ε:0.40 α:0.10 γ:0.70 学習回数:44 ステップ数:22,0.4,0.1,0.7,44,22
ε:0.50 α:0.10 γ:0.50 学習回数:45 ステップ数:22,0.5,0.1,0.5,45,22
ε:0.30 α:0.30 γ:0.20 学習回数:45 ステップ数:22,0.3,0.3,0.2,45,22
ε:0.20 α:0.10 γ:0.40 学習回数:45 ステップ数:22,0.2,0.1,0.4,45,22
ε:0.40 α:0.30 γ:0.50 学習回数:45 ステップ数:22,0.4,0.3,0.5,45,22
ε:0.30 α:0.70 γ:0.90 学習回数:45 ステップ数:22,0.3,0.7,0.9,45,22
ε:0.50 α:0.70 γ:0.70 学習回数:45 ステップ数:22,0.5,0.7,0.7,45,22
ε:0.80 α:0.10 γ:0.50 学習回数:46 ステップ数:22,0.8,0.1,0.5,46,22
ε:0.60 α:0.30 γ:0.10 学習回数:46 ステップ数:22,0.6,0.3,0.1,46,22
ε:0.70 α:0.10 γ:0.60 学習回数:46 ステップ数:22,0.7,0.1,0.6,46,22
ε:0.40 α:0.70 γ:0.60 学習回数:46 ステップ数:22,0.4,0.7,0.6,46,22
ε:0.80 α:0.10 γ:0.70 学習回数:46 ステップ数:22,0.8,0.1,0.7,46,22
ε:0.40 α:0.30 γ:0.10 学習回数:46 ステップ数:22,0.4,0.3,0.1,46,22
ε:0.30 α:0.60 γ:0.60 学習回数:47 ステップ数:22,0.3,0.6,0.6,47,22
ε:0.30 α:0.30 γ:0.40 学習回数:47 ステップ数:22,0.3,0.3,0.4,47,22
ε:0.60 α:0.10 γ:0.20 学習回数:47 ステップ数:22,0.6,0.1,0.2,47,22
ε:0.50 α:0.10 γ:0.20 学習回数:47 ステップ数:22,0.5,0.1,0.2,47,22
ε:0.90 α:0.10 γ:0.20 学習回数:47 ステップ数:22,0.9,0.1,0.2,47,22
ε:0.70 α:0.60 γ:0.70 学習回数:47 ステップ数:22,0.7,0.6,0.7,47,22
ε:0.40 α:0.70 γ:0.70 学習回数:48 ステップ数:22,0.4,0.7,0.7,48,22
ε:0.30 α:0.50 γ:0.90 学習回数:48 ステップ数:22,0.3,0.5,0.9,48,22
ε:0.40 α:0.60 γ:0.50 学習回数:48 ステップ数:22,0.4,0.6,0.5,48,22
ε:0.30 α:0.60 γ:0.90 学習回数:49 ステップ数:22,0.3,0.6,0.9,49,22
ε:0.30 α:0.50 γ:0.30 学習回数:49 ステップ数:22,0.3,0.5,0.3,49,22
ε:0.20 α:0.90 γ:0.10 学習回数:49 ステップ数:22,0.2,0.9,0.1,49,22
ε:0.70 α:0.10 γ:0.20 学習回数:49 ステップ数:22,0.7,0.1,0.2,49,22
ε:0.30 α:0.80 γ:0.70 学習回数:49 ステップ数:22,0.3,0.8,0.7,49,22
ε:0.40 α:0.80 γ:0.30 学習回数:50 ステップ数:22,0.4,0.8,0.3,50,22
ε:0.60 α:0.10 γ:0.30 学習回数:50 ステップ数:22,0.6,0.1,0.3,50,22
ε:0.30 α:0.30 γ:0.70 学習回数:50 ステップ数:22,0.3,0.3,0.7,50,22
ε:0.40 α:0.70 γ:0.20 学習回数:51 ステップ数:22,0.4,0.7,0.2,51,22
ε:0.50 α:0.60 γ:0.10 学習回数:51 ステップ数:22,0.5,0.6,0.1,51,22
ε:0.60 α:0.10 γ:0.40 学習回数:51 ステップ数:22,0.6,0.1,0.4,51,22
ε:0.20 α:0.60 γ:0.40 学習回数:51 ステップ数:22,0.2,0.6,0.4,51,22
ε:0.40 α:0.20 γ:0.30 学習回数:51 ステップ数:22,0.4,0.2,0.3,51,22
ε:0.50 α:0.20 γ:0.50 学習回数:51 ステップ数:22,0.5,0.2,0.5,51,22
ε:0.30 α:0.50 γ:0.20 学習回数:51 ステップ数:22,0.3,0.5,0.2,51,22
ε:0.40 α:0.10 γ:0.90 学習回数:51 ステップ数:22,0.4,0.1,0.9,51,22
ε:0.40 α:0.30 γ:0.20 学習回数:52 ステップ数:22,0.4,0.3,0.2,52,22
ε:0.30 α:0.20 γ:0.50 学習回数:52 ステップ数:22,0.3,0.2,0.5,52,22
ε:0.60 α:0.10 γ:0.30 学習回数:52 ステップ数:22,0.6,0.1,0.3,52,22
ε:0.30 α:0.10 γ:0.60 学習回数:52 ステップ数:22,0.3,0.1,0.6,52,22
ε:0.30 α:0.60 γ:0.10 学習回数:53 ステップ数:22,0.3,0.6,0.1,53,22
ε:0.10 α:0.10 γ:0.60 学習回数:53 ステップ数:22,0.1,0.1,0.6,53,22
ε:0.80 α:0.10 γ:0.40 学習回数:53 ステップ数:22,0.8,0.1,0.4,53,22
ε:0.40 α:0.20 γ:0.10 学習回数:53 ステップ数:22,0.4,0.2,0.1,53,22
ε:0.60 α:0.90 γ:0.20 学習回数:53 ステップ数:22,0.6,0.9,0.2,53,22
ε:0.30 α:0.10 γ:0.10 学習回数:54 ステップ数:22,0.3,0.1,0.1,54,22
ε:0.40 α:0.20 γ:0.40 学習回数:54 ステップ数:22,0.4,0.2,0.4,54,22
ε:0.40 α:0.60 γ:0.30 学習回数:54 ステップ数:22,0.4,0.6,0.3,54,22
ε:0.50 α:0.10 γ:0.20 学習回数:54 ステップ数:22,0.5,0.1,0.2,54,22
ε:0.80 α:0.10 γ:0.10 学習回数:55 ステップ数:22,0.8,0.1,0.1,55,22
ε:0.60 α:0.10 γ:0.50 学習回数:55 ステップ数:22,0.6,0.1,0.5,55,22
ε:0.30 α:0.20 γ:0.50 学習回数:55 ステップ数:22,0.3,0.2,0.5,55,22
ε:0.30 α:0.20 γ:0.80 学習回数:55 ステップ数:22,0.3,0.2,0.8,55,22
ε:0.40 α:0.60 γ:0.40 学習回数:56 ステップ数:22,0.4,0.6,0.4,56,22
ε:0.30 α:0.30 γ:0.70 学習回数:57 ステップ数:22,0.3,0.3,0.7,57,22
ε:0.50 α:0.10 γ:0.10 学習回数:57 ステップ数:22,0.5,0.1,0.1,57,22
ε:0.30 α:0.60 γ:0.50 学習回数:57 ステップ数:22,0.3,0.6,0.5,57,22
ε:0.60 α:0.20 γ:0.30 学習回数:57 ステップ数:22,0.6,0.2,0.3,57,22
ε:0.40 α:0.20 γ:0.20 学習回数:58 ステップ数:22,0.4,0.2,0.2,58,22
ε:0.20 α:0.30 γ:0.90 学習回数:58 ステップ数:22,0.2,0.3,0.9,58,22
ε:0.40 α:0.10 γ:0.60 学習回数:58 ステップ数:22,0.4,0.1,0.6,58,22
ε:0.30 α:0.20 γ:0.10 学習回数:58 ステップ数:22,0.3,0.2,0.1,58,22
ε:0.30 α:0.90 γ:0.20 学習回数:59 ステップ数:22,0.3,0.9,0.2,59,22
ε:0.30 α:0.60 γ:0.10 学習回数:60 ステップ数:22,0.3,0.6,0.1,60,22
ε:0.30 α:0.50 γ:0.80 学習回数:60 ステップ数:22,0.3,0.5,0.8,60,22
ε:0.30 α:0.20 γ:0.90 学習回数:60 ステップ数:22,0.3,0.2,0.9,60,22
ε:0.40 α:0.40 γ:0.10 学習回数:61 ステップ数:22,0.4,0.4,0.1,61,22
ε:0.30 α:0.30 γ:0.30 学習回数:61 ステップ数:22,0.3,0.3,0.3,61,22
ε:0.50 α:0.40 γ:0.20 学習回数:61 ステップ数:22,0.5,0.4,0.2,61,22
ε:0.80 α:0.10 γ:0.20 学習回数:62 ステップ数:22,0.8,0.1,0.2,62,22
ε:0.30 α:0.20 γ:0.80 学習回数:64 ステップ数:22,0.3,0.2,0.8,64,22
ε:0.30 α:0.60 γ:0.20 学習回数:64 ステップ数:22,0.3,0.6,0.2,64,22
ε:0.30 α:0.10 γ:0.20 学習回数:64 ステップ数:22,0.3,0.1,0.2,64,22
ε:0.30 α:0.50 γ:0.60 学習回数:64 ステップ数:22,0.3,0.5,0.6,64,22
ε:0.30 α:0.10 γ:0.60 学習回数:65 ステップ数:22,0.3,0.1,0.6,65,22
ε:0.30 α:0.30 γ:0.90 学習回数:66 ステップ数:22,0.3,0.3,0.9,66,22
ε:0.30 α:0.10 γ:0.80 学習回数:66 ステップ数:22,0.3,0.1,0.8,66,22
ε:0.20 α:0.40 γ:0.20 学習回数:66 ステップ数:22,0.2,0.4,0.2,66,22
ε:0.50 α:0.20 γ:0.30 学習回数:67 ステップ数:22,0.5,0.2,0.3,67,22
ε:0.70 α:0.10 γ:0.40 学習回数:67 ステップ数:22,0.7,0.1,0.4,67,22
ε:0.40 α:0.30 γ:0.50 学習回数:67 ステップ数:22,0.4,0.3,0.5,67,22
ε:0.30 α:0.80 γ:0.20 学習回数:67 ステップ数:22,0.3,0.8,0.2,67,22
ε:0.80 α:0.10 γ:0.10 学習回数:67 ステップ数:22,0.8,0.1,0.1,67,22
ε:0.30 α:0.60 γ:0.40 学習回数:67 ステップ数:22,0.3,0.6,0.4,67,22
ε:0.20 α:0.60 γ:0.60 学習回数:67 ステップ数:22,0.2,0.6,0.6,67,22
ε:0.80 α:0.10 γ:0.30 学習回数:67 ステップ数:22,0.8,0.1,0.3,67,22
ε:0.50 α:0.10 γ:0.10 学習回数:67 ステップ数:22,0.5,0.1,0.1,67,22
ε:0.30 α:0.10 γ:0.50 学習回数:68 ステップ数:22,0.3,0.1,0.5,68,22
ε:0.30 α:0.80 γ:0.10 学習回数:68 ステップ数:22,0.3,0.8,0.1,68,22
ε:0.40 α:0.60 γ:0.30 学習回数:69 ステップ数:22,0.4,0.6,0.3,69,22
ε:0.70 α:0.10 γ:0.20 学習回数:69 ステップ数:22,0.7,0.1,0.2,69,22
ε:0.30 α:0.70 γ:0.30 学習回数:69 ステップ数:22,0.3,0.7,0.3,69,22
ε:0.90 α:0.10 γ:0.10 学習回数:69 ステップ数:22,0.9,0.1,0.1,69,22
ε:0.20 α:0.80 γ:0.70 学習回数:70 ステップ数:22,0.2,0.8,0.7,70,22
ε:0.30 α:0.80 γ:0.90 学習回数:71 ステップ数:22,0.3,0.8,0.9,71,22
ε:0.50 α:0.70 γ:0.30 学習回数:71 ステップ数:22,0.5,0.7,0.3,71,22
ε:0.40 α:0.30 γ:0.40 学習回数:71 ステップ数:22,0.4,0.3,0.4,71,22
ε:0.40 α:0.10 γ:0.20 学習回数:72 ステップ数:22,0.4,0.1,0.2,72,22
ε:0.20 α:0.60 γ:0.20 学習回数:72 ステップ数:22,0.2,0.6,0.2,72,22
ε:0.20 α:0.60 γ:0.70 学習回数:72 ステップ数:22,0.2,0.6,0.7,72,22
ε:0.10 α:0.50 γ:0.70 学習回数:73 ステップ数:22,0.1,0.5,0.7,73,22
ε:0.30 α:0.40 γ:0.40 学習回数:73 ステップ数:22,0.3,0.4,0.4,73,22
ε:0.90 α:0.10 γ:0.10 学習回数:74 ステップ数:22,0.9,0.1,0.1,74,22
ε:0.20 α:0.90 γ:0.10 学習回数:74 ステップ数:22,0.2,0.9,0.1,74,22
ε:0.40 α:0.80 γ:0.50 学習回数:74 ステップ数:22,0.4,0.8,0.5,74,22
ε:0.40 α:0.30 γ:0.10 学習回数:74 ステップ数:22,0.4,0.3,0.1,74,22
ε:0.60 α:0.20 γ:0.60 学習回数:74 ステップ数:22,0.6,0.2,0.6,74,22
ε:0.40 α:0.10 γ:0.10 学習回数:74 ステップ数:22,0.4,0.1,0.1,74,22
ε:0.70 α:0.10 γ:0.10 学習回数:75 ステップ数:22,0.7,0.1,0.1,75,22
ε:0.30 α:0.20 γ:0.20 学習回数:75 ステップ数:22,0.3,0.2,0.2,75,22
ε:0.30 α:0.70 γ:0.60 学習回数:75 ステップ数:22,0.3,0.7,0.6,75,22
ε:0.40 α:0.40 γ:0.20 学習回数:75 ステップ数:22,0.4,0.4,0.2,75,22
ε:0.50 α:0.20 γ:0.10 学習回数:75 ステップ数:22,0.5,0.2,0.1,75,22
ε:0.30 α:0.70 γ:0.40 学習回数:76 ステップ数:22,0.3,0.7,0.4,76,22
ε:0.30 α:0.60 γ:0.90 学習回数:76 ステップ数:22,0.3,0.6,0.9,76,22
ε:0.80 α:0.10 γ:0.20 学習回数:77 ステップ数:22,0.8,0.1,0.2,77,22
ε:0.30 α:0.60 γ:0.80 学習回数:77 ステップ数:22,0.3,0.6,0.8,77,22
ε:0.40 α:0.50 γ:0.50 学習回数:77 ステップ数:22,0.4,0.5,0.5,77,22
ε:0.20 α:0.60 γ:0.10 学習回数:77 ステップ数:22,0.2,0.6,0.1,77,22
ε:0.70 α:0.10 γ:0.10 学習回数:79 ステップ数:22,0.7,0.1,0.1,79,22
ε:0.60 α:0.10 γ:0.10 学習回数:79 ステップ数:22,0.6,0.1,0.1,79,22
ε:0.30 α:0.30 γ:0.10 学習回数:79 ステップ数:22,0.3,0.3,0.1,79,22
ε:0.10 α:0.90 γ:0.60 学習回数:79 ステップ数:22,0.1,0.9,0.6,79,22
ε:0.20 α:0.60 γ:0.50 学習回数:80 ステップ数:22,0.2,0.6,0.5,80,22
ε:0.10 α:0.70 γ:0.10 学習回数:80 ステップ数:22,0.1,0.7,0.1,80,22
ε:0.20 α:0.70 γ:0.10 学習回数:80 ステップ数:22,0.2,0.7,0.1,80,22
ε:0.60 α:0.10 γ:0.10 学習回数:81 ステップ数:22,0.6,0.1,0.1,81,22
ε:0.20 α:0.70 γ:0.40 学習回数:83 ステップ数:22,0.2,0.7,0.4,83,22
ε:0.80 α:0.10 γ:0.60 学習回数:84 ステップ数:22,0.8,0.1,0.6,84,22
ε:0.30 α:0.30 γ:0.10 学習回数:84 ステップ数:22,0.3,0.3,0.1,84,22
ε:0.30 α:0.30 γ:0.50 学習回数:84 ステップ数:22,0.3,0.3,0.5,84,22
ε:0.30 α:0.50 γ:0.70 学習回数:84 ステップ数:22,0.3,0.5,0.7,84,22
ε:0.30 α:0.40 γ:0.90 学習回数:84 ステップ数:22,0.3,0.4,0.9,84,22
ε:0.40 α:0.50 γ:0.30 学習回数:85 ステップ数:22,0.4,0.5,0.3,85,22
ε:0.30 α:0.20 γ:0.60 学習回数:86 ステップ数:22,0.3,0.2,0.6,86,22
ε:0.30 α:0.40 γ:0.50 学習回数:87 ステップ数:22,0.3,0.4,0.5,87,22
ε:0.40 α:0.10 γ:0.30 学習回数:87 ステップ数:22,0.4,0.1,0.3,87,22
ε:0.30 α:0.70 γ:0.30 学習回数:87 ステップ数:22,0.3,0.7,0.3,87,22
ε:0.40 α:0.10 γ:0.20 学習回数:88 ステップ数:22,0.4,0.1,0.2,88,22
ε:0.30 α:0.80 γ:0.50 学習回数:88 ステップ数:22,0.3,0.8,0.5,88,22
ε:0.30 α:0.40 γ:0.60 学習回数:88 ステップ数:22,0.3,0.4,0.6,88,22
ε:0.20 α:0.90 γ:0.50 学習回数:90 ステップ数:22,0.2,0.9,0.5,90,22
ε:0.30 α:0.60 γ:0.30 学習回数:90 ステップ数:22,0.3,0.6,0.3,90,22
ε:0.20 α:0.20 γ:0.90 学習回数:90 ステップ数:22,0.2,0.2,0.9,90,22
ε:0.20 α:0.80 γ:0.40 学習回数:92 ステップ数:22,0.2,0.8,0.4,92,22
ε:0.50 α:0.10 γ:0.40 学習回数:93 ステップ数:22,0.5,0.1,0.4,93,22
ε:0.30 α:0.80 γ:0.30 学習回数:93 ステップ数:22,0.3,0.8,0.3,93,22
ε:0.20 α:0.90 γ:0.70 学習回数:93 ステップ数:22,0.2,0.9,0.7,93,22
ε:0.20 α:0.40 γ:0.80 学習回数:94 ステップ数:22,0.2,0.4,0.8,94,22
ε:0.30 α:0.20 γ:0.10 学習回数:94 ステップ数:22,0.3,0.2,0.1,94,22
ε:0.30 α:0.50 γ:0.50 学習回数:95 ステップ数:22,0.3,0.5,0.5,95,22
ε:0.40 α:0.50 γ:0.80 学習回数:95 ステップ数:22,0.4,0.5,0.8,95,22
ε:0.40 α:0.40 γ:0.50 学習回数:96 ステップ数:22,0.4,0.4,0.5,96,22
ε:0.30 α:0.70 γ:0.20 学習回数:97 ステップ数:22,0.3,0.7,0.2,97,22
ε:0.30 α:0.70 γ:0.80 学習回数:98 ステップ数:22,0.3,0.7,0.8,98,22
ε:0.30 α:0.20 γ:0.70 学習回数:99 ステップ数:22,0.3,0.2,0.7,99,22
ε:0.30 α:0.40 γ:0.20 学習回数:100 ステップ数:22,0.3,0.4,0.2,100,22
ε:0.30 α:0.90 γ:0.40 学習回数:100 ステップ数:22,0.3,0.9,0.4,100,22
ε:0.10 α:0.50 γ:0.50 学習回数:102 ステップ数:22,0.1,0.5,0.5,102,22
ε:0.30 α:0.50 γ:0.10 学習回数:102 ステップ数:22,0.3,0.5,0.1,102,22
ε:0.20 α:0.10 γ:0.30 学習回数:104 ステップ数:22,0.2,0.1,0.3,104,22
ε:0.30 α:0.10 γ:0.70 学習回数:105 ステップ数:22,0.3,0.1,0.7,105,22
ε:0.30 α:0.30 γ:0.80 学習回数:106 ステップ数:22,0.3,0.3,0.8,106,22
ε:0.40 α:0.90 γ:0.80 学習回数:107 ステップ数:22,0.4,0.9,0.8,107,22
ε:0.30 α:0.20 γ:0.20 学習回数:109 ステップ数:22,0.3,0.2,0.2,109,22
ε:0.30 α:0.40 γ:0.30 学習回数:109 ステップ数:22,0.3,0.4,0.3,109,22
ε:0.20 α:0.60 γ:0.40 学習回数:109 ステップ数:22,0.2,0.6,0.4,109,22
ε:0.20 α:0.30 γ:0.30 学習回数:109 ステップ数:22,0.2,0.3,0.3,109,22
ε:0.20 α:0.80 γ:0.60 学習回数:111 ステップ数:22,0.2,0.8,0.6,111,22
ε:0.20 α:0.30 γ:0.80 学習回数:112 ステップ数:22,0.2,0.3,0.8,112,22
ε:0.40 α:0.90 γ:0.10 学習回数:113 ステップ数:22,0.4,0.9,0.1,113,22
ε:0.20 α:0.90 γ:0.70 学習回数:115 ステップ数:22,0.2,0.9,0.7,115,22
ε:0.20 α:0.40 γ:0.20 学習回数:115 ステップ数:22,0.2,0.4,0.2,115,22
ε:0.20 α:0.50 γ:0.30 学習回数:116 ステップ数:22,0.2,0.5,0.3,116,22
ε:0.40 α:0.10 γ:0.40 学習回数:117 ステップ数:22,0.4,0.1,0.4,117,22
ε:0.20 α:0.20 γ:0.40 学習回数:118 ステップ数:22,0.2,0.2,0.4,118,22
ε:0.20 α:0.30 γ:0.50 学習回数:119 ステップ数:22,0.2,0.3,0.5,119,22
ε:0.20 α:0.40 γ:0.50 学習回数:119 ステップ数:22,0.2,0.4,0.5,119,22
ε:0.30 α:0.30 γ:0.40 学習回数:120 ステップ数:22,0.3,0.3,0.4,120,22
ε:0.30 α:0.20 γ:0.40 学習回数:121 ステップ数:22,0.3,0.2,0.4,121,22
ε:0.40 α:0.10 γ:0.30 学習回数:121 ステップ数:22,0.4,0.1,0.3,121,22
ε:0.30 α:0.70 γ:0.70 学習回数:123 ステップ数:22,0.3,0.7,0.7,123,22
ε:0.30 α:0.70 γ:0.70 学習回数:124 ステップ数:22,0.3,0.7,0.7,124,22
ε:0.30 α:0.70 γ:0.10 学習回数:125 ステップ数:22,0.3,0.7,0.1,125,22
ε:0.30 α:0.40 γ:0.80 学習回数:126 ステップ数:22,0.3,0.4,0.8,126,22
ε:0.30 α:0.50 γ:0.80 学習回数:126 ステップ数:22,0.3,0.5,0.8,126,22
ε:0.30 α:0.90 γ:0.50 学習回数:128 ステップ数:22,0.3,0.9,0.5,128,22
ε:0.30 α:0.10 γ:0.80 学習回数:129 ステップ数:22,0.3,0.1,0.8,129,22
ε:0.30 α:0.70 γ:0.10 学習回数:129 ステップ数:22,0.3,0.7,0.1,129,22
ε:0.20 α:0.20 γ:0.50 学習回数:132 ステップ数:22,0.2,0.2,0.5,132,22
ε:0.40 α:0.20 γ:0.70 学習回数:132 ステップ数:22,0.4,0.2,0.7,132,22
ε:0.20 α:0.90 γ:0.60 学習回数:132 ステップ数:22,0.2,0.9,0.6,132,22
ε:0.20 α:0.60 γ:0.60 学習回数:132 ステップ数:22,0.2,0.6,0.6,132,22
ε:0.30 α:0.50 γ:0.40 学習回数:133 ステップ数:22,0.3,0.5,0.4,133,22
ε:0.20 α:0.20 γ:0.70 学習回数:133 ステップ数:22,0.2,0.2,0.7,133,22
ε:0.20 α:0.70 γ:0.80 学習回数:134 ステップ数:22,0.2,0.7,0.8,134,22
ε:0.20 α:0.40 γ:0.30 学習回数:135 ステップ数:22,0.2,0.4,0.3,135,22
ε:0.20 α:0.80 γ:0.90 学習回数:137 ステップ数:22,0.2,0.8,0.9,137,22
ε:0.40 α:0.10 γ:0.50 学習回数:137 ステップ数:22,0.4,0.1,0.5,137,22
ε:0.30 α:0.70 γ:0.60 学習回数:138 ステップ数:22,0.3,0.7,0.6,138,22
ε:0.20 α:0.80 γ:0.30 学習回数:141 ステップ数:22,0.2,0.8,0.3,141,22
ε:0.20 α:0.50 γ:0.40 学習回数:142 ステップ数:22,0.2,0.5,0.4,142,22
ε:0.30 α:0.10 γ:0.70 学習回数:142 ステップ数:22,0.3,0.1,0.7,142,22
ε:0.40 α:0.10 γ:0.80 学習回数:143 ステップ数:22,0.4,0.1,0.8,143,22
ε:0.30 α:0.20 γ:0.40 学習回数:143 ステップ数:22,0.3,0.2,0.4,143,22
ε:0.20 α:0.20 γ:0.40 学習回数:144 ステップ数:22,0.2,0.2,0.4,144,22
ε:0.20 α:0.70 γ:0.30 学習回数:145 ステップ数:22,0.2,0.7,0.3,145,22
ε:0.30 α:0.90 γ:0.10 学習回数:146 ステップ数:22,0.3,0.9,0.1,146,22
ε:0.30 α:0.30 γ:0.80 学習回数:146 ステップ数:22,0.3,0.3,0.8,146,22
ε:0.30 α:0.10 γ:0.30 学習回数:150 ステップ数:22,0.3,0.1,0.3,150,22
ε:0.20 α:0.70 γ:0.30 学習回数:150 ステップ数:22,0.2,0.7,0.3,150,22
ε:0.30 α:0.40 γ:0.80 学習回数:152 ステップ数:22,0.3,0.4,0.8,152,22
ε:0.30 α:0.10 γ:0.30 学習回数:155 ステップ数:22,0.3,0.1,0.3,155,22
ε:0.20 α:0.40 γ:0.10 学習回数:156 ステップ数:22,0.2,0.4,0.1,156,22
ε:0.20 α:0.70 γ:0.20 学習回数:159 ステップ数:22,0.2,0.7,0.2,159,22
ε:0.20 α:0.80 γ:0.10 学習回数:159 ステップ数:22,0.2,0.8,0.1,159,22
ε:0.30 α:0.50 γ:0.10 学習回数:161 ステップ数:22,0.3,0.5,0.1,161,22
ε:0.20 α:0.30 γ:0.70 学習回数:163 ステップ数:22,0.2,0.3,0.7,163,22
ε:0.20 α:0.60 γ:0.10 学習回数:164 ステップ数:22,0.2,0.6,0.1,164,22
ε:0.20 α:0.20 γ:0.80 学習回数:164 ステップ数:22,0.2,0.2,0.8,164,22
ε:0.30 α:0.90 γ:0.90 学習回数:166 ステップ数:22,0.3,0.9,0.9,166,22
ε:0.20 α:0.10 γ:0.80 学習回数:166 ステップ数:22,0.2,0.1,0.8,166,22
ε:0.40 α:0.10 γ:0.10 学習回数:170 ステップ数:22,0.4,0.1,0.1,170,22
ε:0.20 α:0.70 γ:0.80 学習回数:177 ステップ数:22,0.2,0.7,0.8,177,22
ε:0.20 α:0.20 γ:0.30 学習回数:179 ステップ数:22,0.2,0.2,0.3,179,22
ε:0.20 α:0.80 γ:0.10 学習回数:182 ステップ数:22,0.2,0.8,0.1,182,22
ε:0.20 α:0.10 γ:0.50 学習回数:182 ステップ数:22,0.2,0.1,0.5,182,22
ε:0.20 α:0.10 γ:0.50 学習回数:184 ステップ数:22,0.2,0.1,0.5,184,22
ε:0.30 α:0.90 γ:0.70 学習回数:189 ステップ数:22,0.3,0.9,0.7,189,22
ε:0.30 α:0.10 γ:0.40 学習回数:189 ステップ数:22,0.3,0.1,0.4,189,22
ε:0.20 α:0.50 γ:0.90 学習回数:191 ステップ数:22,0.2,0.5,0.9,191,22
ε:0.20 α:0.40 γ:0.90 学習回数:194 ステップ数:22,0.2,0.4,0.9,194,22
ε:0.20 α:0.50 γ:0.50 学習回数:195 ステップ数:22,0.2,0.5,0.5,195,22
ε:0.20 α:0.10 γ:0.10 学習回数:201 ステップ数:22,0.2,0.1,0.1,201,22
ε:0.20 α:0.70 γ:0.90 学習回数:202 ステップ数:22,0.2,0.7,0.9,202,22
ε:0.10 α:0.70 γ:0.80 学習回数:203 ステップ数:22,0.1,0.7,0.8,203,22
ε:0.20 α:0.90 γ:0.40 学習回数:207 ステップ数:22,0.2,0.9,0.4,207,22
ε:0.20 α:0.10 γ:0.70 学習回数:210 ステップ数:22,0.2,0.1,0.7,210,22
ε:0.20 α:0.30 γ:0.10 学習回数:212 ステップ数:22,0.2,0.3,0.1,212,22
ε:0.20 α:0.30 γ:0.20 学習回数:213 ステップ数:22,0.2,0.3,0.2,213,22
ε:0.20 α:0.80 γ:0.30 学習回数:213 ステップ数:22,0.2,0.8,0.3,213,22
ε:0.30 α:0.90 γ:0.10 学習回数:217 ステップ数:22,0.3,0.9,0.1,217,22
ε:0.20 α:0.10 γ:0.60 学習回数:217 ステップ数:22,0.2,0.1,0.6,217,22
ε:0.30 α:0.10 γ:0.90 学習回数:218 ステップ数:22,0.3,0.1,0.9,218,22
ε:0.20 α:0.60 γ:0.80 学習回数:221 ステップ数:22,0.2,0.6,0.8,221,22
ε:0.20 α:0.90 γ:0.80 学習回数:223 ステップ数:22,0.2,0.9,0.8,223,22
ε:0.20 α:0.40 γ:0.60 学習回数:225 ステップ数:22,0.2,0.4,0.6,225,22
ε:0.20 α:0.50 γ:0.70 学習回数:225 ステップ数:22,0.2,0.5,0.7,225,22
ε:0.20 α:0.30 γ:0.20 学習回数:225 ステップ数:22,0.2,0.3,0.2,225,22
ε:0.20 α:0.20 γ:0.20 学習回数:225 ステップ数:22,0.2,0.2,0.2,225,22
ε:0.30 α:0.30 γ:0.60 学習回数:228 ステップ数:22,0.3,0.3,0.6,228,22
ε:0.20 α:0.70 γ:0.20 学習回数:240 ステップ数:22,0.2,0.7,0.2,240,22
ε:0.20 α:0.10 γ:0.90 学習回数:242 ステップ数:22,0.2,0.1,0.9,242,22
ε:0.30 α:0.20 γ:0.60 学習回数:249 ステップ数:22,0.3,0.2,0.6,249,22
ε:0.20 α:0.50 γ:0.90 学習回数:250 ステップ数:22,0.2,0.5,0.9,250,22
ε:0.20 α:0.30 γ:0.50 学習回数:254 ステップ数:22,0.2,0.3,0.5,254,22
ε:0.20 α:0.50 γ:0.70 学習回数:259 ステップ数:22,0.2,0.5,0.7,259,22
ε:0.20 α:0.30 γ:0.30 学習回数:278 ステップ数:22,0.2,0.3,0.3,278,22
ε:0.20 α:0.10 γ:0.70 学習回数:278 ステップ数:22,0.2,0.1,0.7,278,22
ε:0.20 α:0.10 γ:0.20 学習回数:278 ステップ数:22,0.2,0.1,0.2,278,22
ε:0.20 α:0.50 γ:0.10 学習回数:280 ステップ数:22,0.2,0.5,0.1,280,22
ε:0.20 α:0.90 γ:0.30 学習回数:281 ステップ数:22,0.2,0.9,0.3,281,22
ε:0.30 α:0.50 γ:0.60 学習回数:283 ステップ数:22,0.3,0.5,0.6,283,22
ε:0.20 α:0.10 γ:0.20 学習回数:284 ステップ数:22,0.2,0.1,0.2,284,22
ε:0.20 α:0.30 γ:0.90 学習回数:294 ステップ数:22,0.2,0.3,0.9,294,22
ε:0.10 α:0.70 γ:0.70 学習回数:295 ステップ数:22,0.1,0.7,0.7,295,22
ε:0.20 α:0.40 γ:0.30 学習回数:296 ステップ数:22,0.2,0.4,0.3,296,22
ε:0.10 α:0.40 γ:0.10 学習回数:299 ステップ数:22,0.1,0.4,0.1,299,22
ε:0.30 α:0.10 γ:0.20 学習回数:302 ステップ数:22,0.3,0.1,0.2,302,22
ε:0.10 α:0.60 γ:0.60 学習回数:309 ステップ数:22,0.1,0.6,0.6,309,22
ε:0.10 α:0.20 γ:0.80 学習回数:311 ステップ数:22,0.1,0.2,0.8,311,22
ε:0.20 α:0.40 γ:0.10 学習回数:311 ステップ数:22,0.2,0.4,0.1,311,22
ε:0.20 α:0.60 γ:0.90 学習回数:313 ステップ数:22,0.2,0.6,0.9,313,22
ε:0.10 α:0.30 γ:0.70 学習回数:321 ステップ数:22,0.1,0.3,0.7,321,22
ε:0.20 α:0.30 γ:0.40 学習回数:322 ステップ数:22,0.2,0.3,0.4,322,22
ε:0.20 α:0.90 γ:0.40 学習回数:328 ステップ数:22,0.2,0.9,0.4,328,22
ε:0.20 α:0.60 γ:0.90 学習回数:332 ステップ数:22,0.2,0.6,0.9,332,22
ε:0.20 α:0.60 γ:0.50 学習回数:332 ステップ数:22,0.2,0.6,0.5,332,22
ε:0.10 α:0.20 γ:0.50 学習回数:337 ステップ数:22,0.1,0.2,0.5,337,22
ε:0.20 α:0.50 γ:0.80 学習回数:338 ステップ数:22,0.2,0.5,0.8,338,22
ε:0.30 α:0.80 γ:0.40 学習回数:347 ステップ数:22,0.3,0.8,0.4,347,22
ε:0.20 α:0.70 γ:0.40 学習回数:354 ステップ数:22,0.2,0.7,0.4,354,22
ε:0.30 α:0.10 γ:0.10 学習回数:360 ステップ数:22,0.3,0.1,0.1,360,22
ε:0.20 α:0.90 γ:0.50 学習回数:367 ステップ数:22,0.2,0.9,0.5,367,22
ε:0.20 α:0.90 γ:0.90 学習回数:374 ステップ数:22,0.2,0.9,0.9,374,22
ε:0.10 α:0.90 γ:0.60 学習回数:383 ステップ数:22,0.1,0.9,0.6,383,22
ε:0.20 α:0.20 γ:0.50 学習回数:387 ステップ数:22,0.2,0.2,0.5,387,22
ε:0.20 α:0.10 γ:0.90 学習回数:400 ステップ数:22,0.2,0.1,0.9,400,22
ε:0.20 α:0.60 γ:0.30 学習回数:402 ステップ数:22,0.2,0.6,0.3,402,22
ε:0.20 α:0.60 γ:0.70 学習回数:414 ステップ数:22,0.2,0.6,0.7,414,22
ε:0.20 α:0.70 γ:0.60 学習回数:418 ステップ数:22,0.2,0.7,0.6,418,22
ε:0.20 α:0.20 γ:0.10 学習回数:422 ステップ数:22,0.2,0.2,0.1,422,22
ε:0.20 α:0.10 γ:0.10 学習回数:425 ステップ数:22,0.2,0.1,0.1,425,22
ε:0.20 α:0.20 γ:0.60 学習回数:428 ステップ数:22,0.2,0.2,0.6,428,22
ε:0.10 α:0.70 γ:0.40 学習回数:431 ステップ数:22,0.1,0.7,0.4,431,22
ε:0.20 α:0.20 γ:0.10 学習回数:433 ステップ数:22,0.2,0.2,0.1,433,22
ε:0.10 α:0.80 γ:0.80 学習回数:441 ステップ数:22,0.1,0.8,0.8,441,22
ε:0.20 α:0.10 γ:0.30 学習回数:452 ステップ数:22,0.2,0.1,0.3,452,22
ε:0.20 α:0.80 γ:0.20 学習回数:453 ステップ数:22,0.2,0.8,0.2,453,22
ε:0.20 α:0.30 γ:0.70 学習回数:461 ステップ数:22,0.2,0.3,0.7,461,22
ε:0.20 α:0.10 γ:0.80 学習回数:461 ステップ数:22,0.2,0.1,0.8,461,22
ε:0.30 α:0.70 γ:0.80 学習回数:466 ステップ数:22,0.3,0.7,0.8,466,22
ε:0.20 α:0.30 γ:0.80 学習回数:473 ステップ数:22,0.2,0.3,0.8,473,22
ε:0.10 α:0.40 γ:0.30 学習回数:482 ステップ数:22,0.1,0.4,0.3,482,22
ε:0.20 α:0.20 γ:0.70 学習回数:489 ステップ数:22,0.2,0.2,0.7,489,22
ε:0.20 α:0.70 γ:0.70 学習回数:491 ステップ数:22,0.2,0.7,0.7,491,22
ε:0.20 α:0.20 γ:0.60 学習回数:518 ステップ数:22,0.2,0.2,0.6,518,22
ε:0.20 α:0.10 γ:0.40 学習回数:524 ステップ数:22,0.2,0.1,0.4,524,22
ε:0.20 α:0.40 γ:0.90 学習回数:533 ステップ数:22,0.2,0.4,0.9,533,22
ε:0.20 α:0.30 γ:0.10 学習回数:542 ステップ数:22,0.2,0.3,0.1,542,22
ε:0.10 α:0.60 γ:0.70 学習回数:568 ステップ数:22,0.1,0.6,0.7,568,22
ε:0.10 α:0.90 γ:0.90 学習回数:581 ステップ数:22,0.1,0.9,0.9,581,22
ε:0.10 α:0.40 γ:0.40 学習回数:581 ステップ数:22,0.1,0.4,0.4,581,22
ε:0.20 α:0.50 γ:0.20 学習回数:585 ステップ数:22,0.2,0.5,0.2,585,22
ε:0.10 α:0.10 γ:0.90 学習回数:603 ステップ数:22,0.1,0.1,0.9,603,22
ε:0.10 α:0.70 γ:0.70 学習回数:613 ステップ数:22,0.1,0.7,0.7,613,22
ε:0.20 α:0.90 γ:0.90 学習回数:620 ステップ数:22,0.2,0.9,0.9,620,22
ε:0.20 α:0.60 γ:0.30 学習回数:629 ステップ数:22,0.2,0.6,0.3,629,22
ε:0.20 α:0.90 γ:0.30 学習回数:632 ステップ数:22,0.2,0.9,0.3,632,22
ε:0.20 α:0.20 γ:0.90 学習回数:634 ステップ数:22,0.2,0.2,0.9,634,22
ε:0.20 α:0.80 γ:0.60 学習回数:644 ステップ数:22,0.2,0.8,0.6,644,22
ε:0.20 α:0.50 γ:0.80 学習回数:651 ステップ数:22,0.2,0.5,0.8,651,22
ε:0.20 α:0.40 γ:0.60 学習回数:667 ステップ数:22,0.2,0.4,0.6,667,22
ε:0.10 α:0.70 γ:0.20 学習回数:672 ステップ数:22,0.1,0.7,0.2,672,22
ε:0.20 α:0.70 γ:0.50 学習回数:676 ステップ数:22,0.2,0.7,0.5,676,22
ε:0.10 α:0.40 γ:0.20 学習回数:689 ステップ数:22,0.1,0.4,0.2,689,22
ε:0.20 α:0.50 γ:0.60 学習回数:690 ステップ数:22,0.2,0.5,0.6,690,22
ε:0.20 α:0.50 γ:0.50 学習回数:699 ステップ数:22,0.2,0.5,0.5,699,22
ε:0.20 α:0.80 γ:0.50 学習回数:717 ステップ数:22,0.2,0.8,0.5,717,22
ε:0.10 α:0.50 γ:0.40 学習回数:732 ステップ数:22,0.1,0.5,0.4,732,22
ε:0.10 α:0.10 γ:0.60 学習回数:733 ステップ数:22,0.1,0.1,0.6,733,22
ε:0.10 α:0.10 γ:0.40 学習回数:734 ステップ数:22,0.1,0.1,0.4,734,22
ε:0.20 α:0.40 γ:0.40 学習回数:741 ステップ数:22,0.2,0.4,0.4,741,22
ε:0.10 α:0.90 γ:0.40 学習回数:758 ステップ数:22,0.1,0.9,0.4,758,22
ε:0.10 α:0.50 γ:0.60 学習回数:761 ステップ数:22,0.1,0.5,0.6,761,22
ε:0.10 α:0.80 γ:0.20 学習回数:764 ステップ数:22,0.1,0.8,0.2,764,22
ε:0.20 α:0.80 γ:0.80 学習回数:768 ステップ数:22,0.2,0.8,0.8,768,22
ε:0.10 α:0.30 γ:0.40 学習回数:768 ステップ数:22,0.1,0.3,0.4,768,22
ε:0.10 α:0.30 γ:0.30 学習回数:770 ステップ数:22,0.1,0.3,0.3,770,22
ε:0.20 α:0.50 γ:0.60 学習回数:773 ステップ数:22,0.2,0.5,0.6,773,22
ε:0.10 α:0.10 γ:0.10 学習回数:803 ステップ数:22,0.1,0.1,0.1,803,22
ε:0.20 α:0.70 γ:0.90 学習回数:804 ステップ数:22,0.2,0.7,0.9,804,22
ε:0.10 α:0.40 γ:0.80 学習回数:810 ステップ数:22,0.1,0.4,0.8,810,22
ε:0.10 α:0.30 γ:0.80 学習回数:840 ステップ数:22,0.1,0.3,0.8,840,22
ε:0.10 α:0.90 γ:0.80 学習回数:847 ステップ数:22,0.1,0.9,0.8,847,22
ε:0.20 α:0.80 γ:0.70 学習回数:858 ステップ数:22,0.2,0.8,0.7,858,22
ε:0.20 α:0.40 γ:0.80 学習回数:860 ステップ数:22,0.2,0.4,0.8,860,22
ε:0.20 α:0.70 γ:0.70 学習回数:888 ステップ数:22,0.2,0.7,0.7,888,22
ε:0.20 α:0.30 γ:0.60 学習回数:926 ステップ数:22,0.2,0.3,0.6,926,22
ε:0.10 α:0.10 γ:0.70 学習回数:932 ステップ数:22,0.1,0.1,0.7,932,22
ε:0.20 α:0.80 γ:0.50 学習回数:952 ステップ数:22,0.2,0.8,0.5,952,22
ε:0.10 α:0.70 γ:0.30 学習回数:962 ステップ数:22,0.1,0.7,0.3,962,22
ε:0.10 α:0.50 γ:0.80 学習回数:963 ステップ数:22,0.1,0.5,0.8,963,22
ε:0.10 α:0.20 γ:0.20 学習回数:966 ステップ数:22,0.1,0.2,0.2,966,22
ε:0.20 α:0.90 γ:0.60 学習回数:972 ステップ数:22,0.2,0.9,0.6,972,22
ε:0.10 α:0.40 γ:0.70 学習回数:986 ステップ数:22,0.1,0.4,0.7,986,22
ε:0.20 α:0.90 γ:0.80 学習回数:1019 ステップ数:22,0.2,0.9,0.8,1019,22
ε:0.10 α:0.60 γ:0.30 学習回数:1021 ステップ数:22,0.1,0.6,0.3,1021,22
ε:0.20 α:0.90 γ:0.20 学習回数:1023 ステップ数:22,0.2,0.9,0.2,1023,22
ε:0.10 α:0.30 γ:0.80 学習回数:1042 ステップ数:22,0.1,0.3,0.8,1042,22
ε:0.10 α:0.10 γ:0.30 学習回数:1047 ステップ数:22,0.1,0.1,0.3,1047,22
ε:0.10 α:0.40 γ:0.90 学習回数:1073 ステップ数:22,0.1,0.4,0.9,1073,22
ε:0.20 α:0.50 γ:0.30 学習回数:1100 ステップ数:22,0.2,0.5,0.3,1100,22
ε:0.20 α:0.40 γ:0.50 学習回数:1115 ステップ数:22,0.2,0.4,0.5,1115,22
ε:0.10 α:0.80 γ:0.60 学習回数:1124 ステップ数:22,0.1,0.8,0.6,1124,22
ε:0.20 α:0.40 γ:0.70 学習回数:1130 ステップ数:22,0.2,0.4,0.7,1130,22
ε:0.10 α:0.50 γ:0.80 学習回数:1139 ステップ数:22,0.1,0.5,0.8,1139,22
ε:0.10 α:0.30 γ:0.10 学習回数:1140 ステップ数:22,0.1,0.3,0.1,1140,22
ε:0.10 α:0.70 γ:0.80 学習回数:1143 ステップ数:22,0.1,0.7,0.8,1143,22
ε:0.10 α:0.10 γ:0.10 学習回数:1162 ステップ数:22,0.1,0.1,0.1,1162,22
ε:0.10 α:0.30 γ:0.90 学習回数:1180 ステップ数:22,0.1,0.3,0.9,1180,22
ε:0.10 α:0.80 γ:0.80 学習回数:1188 ステップ数:22,0.1,0.8,0.8,1188,22
ε:0.10 α:0.20 γ:0.10 学習回数:1203 ステップ数:22,0.1,0.2,0.1,1203,22
ε:0.10 α:0.60 γ:0.10 学習回数:1217 ステップ数:22,0.1,0.6,0.1,1217,22
ε:0.10 α:0.80 γ:0.90 学習回数:1245 ステップ数:22,0.1,0.8,0.9,1245,22
ε:0.10 α:0.30 γ:0.10 学習回数:1246 ステップ数:22,0.1,0.3,0.1,1246,22
ε:0.10 α:0.80 γ:0.50 学習回数:1248 ステップ数:22,0.1,0.8,0.5,1248,22
ε:0.10 α:0.70 γ:0.10 学習回数:1267 ステップ数:22,0.1,0.7,0.1,1267,22
ε:0.10 α:0.70 γ:0.50 学習回数:1272 ステップ数:22,0.1,0.7,0.5,1272,22
ε:0.10 α:0.80 γ:0.40 学習回数:1274 ステップ数:22,0.1,0.8,0.4,1274,22
ε:0.10 α:0.50 γ:0.30 学習回数:1301 ステップ数:22,0.1,0.5,0.3,1301,22
ε:0.10 α:0.30 γ:0.60 学習回数:1335 ステップ数:22,0.1,0.3,0.6,1335,22
ε:0.20 α:0.40 γ:0.40 学習回数:1344 ステップ数:22,0.2,0.4,0.4,1344,22
ε:0.10 α:0.30 γ:0.40 学習回数:1391 ステップ数:22,0.1,0.3,0.4,1391,22
ε:0.10 α:0.80 γ:0.40 学習回数:1398 ステップ数:22,0.1,0.8,0.4,1398,22
ε:0.10 α:0.70 γ:0.60 学習回数:1435 ステップ数:22,0.1,0.7,0.6,1435,22
ε:0.10 α:0.50 γ:0.90 学習回数:1504 ステップ数:22,0.1,0.5,0.9,1504,22
ε:0.10 α:0.40 γ:0.70 学習回数:1520 ステップ数:22,0.1,0.4,0.7,1520,22
ε:0.10 α:0.60 γ:0.50 学習回数:1521 ステップ数:22,0.1,0.6,0.5,1521,22
ε:0.10 α:0.40 γ:0.30 学習回数:1526 ステップ数:22,0.1,0.4,0.3,1526,22
ε:0.10 α:0.90 γ:0.50 学習回数:1551 ステップ数:22,0.1,0.9,0.5,1551,22
ε:0.10 α:0.60 γ:0.70 学習回数:1567 ステップ数:22,0.1,0.6,0.7,1567,22
ε:0.20 α:0.60 γ:0.80 学習回数:1576 ステップ数:22,0.2,0.6,0.8,1576,22
ε:0.10 α:0.90 γ:0.10 学習回数:1582 ステップ数:22,0.1,0.9,0.1,1582,22
ε:0.10 α:0.20 γ:0.30 学習回数:1584 ステップ数:22,0.1,0.2,0.3,1584,22
ε:0.10 α:0.90 γ:0.90 学習回数:1616 ステップ数:22,0.1,0.9,0.9,1616,22
ε:0.10 α:0.70 γ:0.90 学習回数:1738 ステップ数:22,0.1,0.7,0.9,1738,22
ε:0.20 α:0.20 γ:0.80 学習回数:1739 ステップ数:22,0.2,0.2,0.8,1739,22
ε:0.10 α:0.70 γ:0.30 学習回数:1755 ステップ数:22,0.1,0.7,0.3,1755,22
ε:0.20 α:0.70 γ:0.50 学習回数:1797 ステップ数:22,0.2,0.7,0.5,1797,22
ε:0.10 α:0.30 γ:0.20 学習回数:1830 ステップ数:22,0.1,0.3,0.2,1830,22
ε:0.10 α:0.60 γ:0.40 学習回数:1838 ステップ数:22,0.1,0.6,0.4,1838,22
ε:0.10 α:0.20 γ:0.90 学習回数:1872 ステップ数:22,0.1,0.2,0.9,1872,22
ε:0.10 α:0.40 γ:0.40 学習回数:1882 ステップ数:22,0.1,0.4,0.4,1882,22
ε:0.10 α:0.10 γ:0.50 学習回数:1906 ステップ数:22,0.1,0.1,0.5,1906,22
ε:0.10 α:0.30 γ:0.90 学習回数:1934 ステップ数:22,0.1,0.3,0.9,1934,22
ε:0.10 α:0.70 γ:0.90 学習回数:1939 ステップ数:22,0.1,0.7,0.9,1939,22
ε:0.10 α:0.90 γ:0.70 学習回数:1963 ステップ数:22,0.1,0.9,0.7,1963,22
ε:0.10 α:0.60 γ:0.20 学習回数:2010 ステップ数:22,0.1,0.6,0.2,2010,22
ε:0.10 α:0.90 γ:0.30 学習回数:2015 ステップ数:22,0.1,0.9,0.3,2015,22
ε:0.10 α:0.40 γ:0.50 学習回数:2045 ステップ数:22,0.1,0.4,0.5,2045,22
ε:0.10 α:0.50 γ:0.10 学習回数:2090 ステップ数:22,0.1,0.5,0.1,2090,22
ε:0.10 α:0.60 γ:0.80 学習回数:2111 ステップ数:22,0.1,0.6,0.8,2111,22
ε:0.10 α:0.90 γ:0.30 学習回数:2114 ステップ数:22,0.1,0.9,0.3,2114,22
ε:0.10 α:0.30 γ:0.20 学習回数:2145 ステップ数:22,0.1,0.3,0.2,2145,22
ε:0.10 α:0.50 γ:0.20 学習回数:2154 ステップ数:22,0.1,0.5,0.2,2154,22
ε:0.10 α:0.20 γ:0.20 学習回数:2224 ステップ数:22,0.1,0.2,0.2,2224,22
ε:0.10 α:0.20 γ:0.70 学習回数:2239 ステップ数:22,0.1,0.2,0.7,2239,22
ε:0.10 α:0.70 γ:0.60 学習回数:2252 ステップ数:22,0.1,0.7,0.6,2252,22
ε:0.10 α:0.10 γ:0.20 学習回数:2334 ステップ数:22,0.1,0.1,0.2,2334,22
ε:0.10 α:0.40 γ:0.10 学習回数:2348 ステップ数:22,0.1,0.4,0.1,2348,22
ε:0.10 α:0.30 γ:0.50 学習回数:2444 ステップ数:22,0.1,0.3,0.5,2444,22
ε:0.10 α:0.20 γ:0.40 学習回数:2450 ステップ数:22,0.1,0.2,0.4,2450,22
ε:0.10 α:0.20 γ:0.90 学習回数:2517 ステップ数:22,0.1,0.2,0.9,2517,22
ε:0.10 α:0.20 γ:0.40 学習回数:2541 ステップ数:22,0.1,0.2,0.4,2541,22
ε:0.10 α:0.60 γ:0.40 学習回数:2572 ステップ数:22,0.1,0.6,0.4,2572,22
ε:0.10 α:0.10 γ:0.80 学習回数:2589 ステップ数:22,0.1,0.1,0.8,2589,22
ε:0.10 α:0.90 γ:0.20 学習回数:2598 ステップ数:22,0.1,0.9,0.2,2598,22
ε:0.10 α:0.10 γ:0.80 学習回数:2631 ステップ数:22,0.1,0.1,0.8,2631,22
ε:0.10 α:0.10 γ:0.40 学習回数:2783 ステップ数:22,0.1,0.1,0.4,2783,22
ε:0.10 α:0.20 γ:0.10 学習回数:2826 ステップ数:22,0.1,0.2,0.1,2826,22
ε:0.10 α:0.60 γ:0.60 学習回数:2841 ステップ数:22,0.1,0.6,0.6,2841,22
ε:0.10 α:0.30 γ:0.50 学習回数:2854 ステップ数:22,0.1,0.3,0.5,2854,22
ε:0.10 α:0.90 γ:0.10 学習回数:2905 ステップ数:22,0.1,0.9,0.1,2905,22
ε:0.10 α:0.20 γ:0.60 学習回数:2915 ステップ数:22,0.1,0.2,0.6,2915,22
ε:0.10 α:0.40 γ:0.90 学習回数:2918 ステップ数:22,0.1,0.4,0.9,2918,22
ε:0.10 α:0.20 γ:0.30 学習回数:2953 ステップ数:22,0.1,0.2,0.3,2953,22
ε:0.10 α:0.30 γ:0.70 学習回数:3047 ステップ数:22,0.1,0.3,0.7,3047,22
ε:0.10 α:0.20 γ:0.80 学習回数:3102 ステップ数:22,0.1,0.2,0.8,3102,22
ε:0.10 α:0.50 γ:0.50 学習回数:3143 ステップ数:22,0.1,0.5,0.5,3143,22
ε:0.10 α:0.30 γ:0.30 学習回数:3173 ステップ数:22,0.1,0.3,0.3,3173,22
ε:0.10 α:0.40 γ:0.20 学習回数:3314 ステップ数:22,0.1,0.4,0.2,3314,22
ε:0.10 α:0.80 γ:0.60 学習回数:3350 ステップ数:22,0.1,0.8,0.6,3350,22
ε:0.10 α:0.50 γ:0.90 学習回数:3352 ステップ数:22,0.1,0.5,0.9,3352,22
ε:0.10 α:0.80 γ:0.30 学習回数:3401 ステップ数:22,0.1,0.8,0.3,3401,22
ε:0.10 α:0.10 γ:0.90 学習回数:3443 ステップ数:22,0.1,0.1,0.9,3443,22
ε:0.10 α:0.10 γ:0.70 学習回数:3502 ステップ数:22,0.1,0.1,0.7,3502,22
ε:0.10 α:0.40 γ:0.80 学習回数:3535 ステップ数:22,0.1,0.4,0.8,3535,22
ε:0.10 α:0.20 γ:0.70 学習回数:3577 ステップ数:22,0.1,0.2,0.7,3577,22
ε:0.10 α:0.80 γ:0.20 学習回数:3628 ステップ数:22,0.1,0.8,0.2,3628,22
ε:0.10 α:0.10 γ:0.50 学習回数:3650 ステップ数:22,0.1,0.1,0.5,3650,22
ε:0.10 α:0.40 γ:0.60 学習回数:3744 ステップ数:22,0.1,0.4,0.6,3744,22
ε:0.10 α:0.50 γ:0.70 学習回数:3765 ステップ数:22,0.1,0.5,0.7,3765,22
ε:0.10 α:0.20 γ:0.50 学習回数:3801 ステップ数:22,0.1,0.2,0.5,3801,22
ε:0.10 α:0.60 γ:0.20 学習回数:3874 ステップ数:22,0.1,0.6,0.2,3874,22
ε:0.10 α:0.40 γ:0.50 学習回数:4233 ステップ数:22,0.1,0.4,0.5,4233,22
ε:0.10 α:0.60 γ:0.90 学習回数:4311 ステップ数:22,0.1,0.6,0.9,4311,22
ε:0.10 α:0.80 γ:0.70 学習回数:4360 ステップ数:22,0.1,0.8,0.7,4360,22
ε:0.10 α:0.90 γ:0.70 学習回数:4403 ステップ数:22,0.1,0.9,0.7,4403,22
ε:0.10 α:0.70 γ:0.50 学習回数:4551 ステップ数:22,0.1,0.7,0.5,4551,22
ε:0.10 α:0.60 γ:0.50 学習回数:4571 ステップ数:22,0.1,0.6,0.5,4571,22
ε:0.10 α:0.90 γ:0.80 学習回数:4795 ステップ数:22,0.1,0.9,0.8,4795,22
ε:0.10 α:0.90 γ:0.40 学習回数:5118 ステップ数:22,0.1,0.9,0.4,5118,22
ε:0.10 α:0.40 γ:0.60 学習回数:5144 ステップ数:22,0.1,0.4,0.6,5144,22
ε:0.10 α:0.50 γ:0.20 学習回数:5720 ステップ数:22,0.1,0.5,0.2,5720,22
ε:0.10 α:0.90 γ:0.50 学習回数:5808 ステップ数:22,0.1,0.9,0.5,5808,22
ε:0.10 α:0.70 γ:0.20 学習回数:5970 ステップ数:22,0.1,0.7,0.2,5970,22
ε:0.10 α:0.80 γ:0.70 学習回数:6264 ステップ数:22,0.1,0.8,0.7,6264,22
ε:0.10 α:0.30 γ:0.60 学習回数:6497 ステップ数:22,0.1,0.3,0.6,6497,22
ε:0.10 α:0.60 γ:0.80 学習回数:7097 ステップ数:22,0.1,0.6,0.8,7097,22
ε:0.10 α:0.50 γ:0.40 学習回数:7143 ステップ数:22,0.1,0.5,0.4,7143,22
ε:0.10 α:0.50 γ:0.60 学習回数:7438 ステップ数:22,0.1,0.5,0.6,7438,22
ε:0.10 α:0.90 γ:0.20 学習回数:7600 ステップ数:22,0.1,0.9,0.2,7600,22
ε:0.10 α:0.10 γ:0.30 学習回数:7803 ステップ数:22,0.1,0.1,0.3,7803,22
ε:0.10 α:0.80 γ:0.10 学習回数:7983 ステップ数:22,0.1,0.8,0.1,7983,22
ε:0.10 α:0.70 γ:0.40 学習回数:8095 ステップ数:22,0.1,0.7,0.4,8095,22
ε:0.10 α:0.50 γ:0.30 学習回数:8588 ステップ数:22,0.1,0.5,0.3,8588,22
ε:0.10 α:0.50 γ:0.10 学習回数:8975 ステップ数:22,0.1,0.5,0.1,8975,22
ε:0.10 α:0.60 γ:0.90 学習回数:9155 ステップ数:22,0.1,0.6,0.9,9155,22
ε:0.10 α:0.10 γ:0.20 学習回数:9247 ステップ数:22,0.1,0.1,0.2,9247,22
ε:0.10 α:0.80 γ:0.30 学習回数:10167 ステップ数:22,0.1,0.8,0.3,10167,22
ε:0.10 α:0.80 γ:0.10 学習回数:11253 ステップ数:22,0.1,0.8,0.1,11253,22
ε:0.10 α:0.20 γ:0.60 学習回数:11440 ステップ数:22,0.1,0.2,0.6,11440,22
ε:0.10 α:0.80 γ:0.50 学習回数:11536 ステップ数:22,0.1,0.8,0.5,11536,22
ε:0.10 α:0.60 γ:0.30 学習回数:16512 ステップ数:22,0.1,0.6,0.3,16512,22
ε:0.10 α:0.80 γ:0.90 学習回数:17692 ステップ数:22,0.1,0.8,0.9,17692,22
